-- Generation time: Sat, 12 Dec 2020 10:43:29 +0000
-- Host: mysql.hostinger.ro
-- DB name: u574849695_25
/*!40030 SET NAMES UTF8 */;
/*!40101 SET @OLD_CHARACTER_SET_CLIENT=@@CHARACTER_SET_CLIENT */;
/*!40101 SET @OLD_CHARACTER_SET_RESULTS=@@CHARACTER_SET_RESULTS */;
/*!40101 SET @OLD_COLLATION_CONNECTION=@@COLLATION_CONNECTION */;
/*!40103 SET @OLD_TIME_ZONE=@@TIME_ZONE */;
/*!40103 SET TIME_ZONE='+00:00' */;
/*!40014 SET @OLD_UNIQUE_CHECKS=@@UNIQUE_CHECKS, UNIQUE_CHECKS=0 */;
/*!40014 SET @OLD_FOREIGN_KEY_CHECKS=@@FOREIGN_KEY_CHECKS, FOREIGN_KEY_CHECKS=0 */;
/*!40101 SET @OLD_SQL_MODE=@@SQL_MODE, SQL_MODE='NO_AUTO_VALUE_ON_ZERO' */;
/*!40111 SET @OLD_SQL_NOTES=@@SQL_NOTES, SQL_NOTES=0 */;


--  ДОМАШНЕЕ ЗАДАНИЕ номер 1
use vk;

DROP TABLE IF EXISTS `communities`;
CREATE TABLE `communities` (
  `id` bigint(20) unsigned NOT NULL AUTO_INCREMENT,
  `name` varchar(150) COLLATE utf8_unicode_ci DEFAULT NULL,
  `admin_user_id` bigint(20) unsigned DEFAULT NULL,
  PRIMARY KEY (`id`),
  KEY `communities_name_idx` (`name`),
  KEY `admin_user_id` (`admin_user_id`),
  CONSTRAINT `communities_ibfk_1` FOREIGN KEY (`admin_user_id`) REFERENCES `users` (`id`) ON DELETE SET NULL ON UPDATE CASCADE
) ENGINE=InnoDB AUTO_INCREMENT=101 DEFAULT CHARSET=utf8 COLLATE=utf8_unicode_ci;

INSERT INTO `communities` VALUES ('1','voluptas','1'),
('2','blanditiis','2'),
('3','dolor','3'),
('4','provident','4'),
('5','non','5'),
('6','iste','6'),
('7','expedita','7'),
('8','quia','8'),
('9','ut','9'),
('10','est','10'),
('11','necessitatibus','11'),
('12','in','12'),
('13','dolorem','13'),
('14','nemo','14'),
('15','ut','15'),
('16','iure','16'),
('17','voluptatibus','17'),
('18','repudiandae','18'),
('19','dolor','19'),
('20','fuga','20'),
('21','voluptatem','21'),
('22','molestiae','22'),
('23','nulla','23'),
('24','rerum','24'),
('25','voluptatem','25'),
('26','voluptas','26'),
('27','ipsum','27'),
('28','nam','28'),
('29','dicta','29'),
('30','voluptatem','30'),
('31','et','31'),
('32','assumenda','32'),
('33','odit','33'),
('34','perspiciatis','34'),
('35','qui','35'),
('36','eaque','36'),
('37','unde','37'),
('38','molestiae','38'),
('39','debitis','39'),
('40','officia','40'),
('41','distinctio','41'),
('42','quasi','42'),
('43','nobis','43'),
('44','minus','44'),
('45','ut','45'),
('46','et','46'),
('47','molestias','47'),
('48','illo','48'),
('49','qui','49'),
('50','veniam','50'),
('51','sunt','51'),
('52','at','52'),
('53','labore','53'),
('54','enim','54'),
('55','dignissimos','55'),
('56','ratione','56'),
('57','voluptatum','57'),
('58','vel','58'),
('59','voluptates','59'),
('60','nihil','60'),
('61','eum','61'),
('62','aliquam','62'),
('63','est','63'),
('64','veritatis','64'),
('65','dolorem','65'),
('66','consequatur','66'),
('67','et','67'),
('68','qui','68'),
('69','molestias','69'),
('70','ratione','70'),
('71','voluptas','71'),
('72','nam','72'),
('73','et','73'),
('74','aut','74'),
('75','molestiae','75'),
('76','ut','76'),
('77','distinctio','77'),
('78','impedit','78'),
('79','deserunt','79'),
('80','illo','80'),
('81','minus','81'),
('82','porro','82'),
('83','reiciendis','83'),
('84','est','84'),
('85','quia','85'),
('86','repellat','86'),
('87','error','87'),
('88','velit','88'),
('89','numquam','89'),
('90','nihil','90'),
('91','sit','91'),
('92','ratione','92'),
('93','voluptas','93'),
('94','et','94'),
('95','tenetur','95'),
('96','qui','96'),
('97','occaecati','97'),
('98','esse','98'),
('99','dolorem','99'),
('100','nesciunt','100'); 


DROP TABLE IF EXISTS `friend_requests`;
CREATE TABLE `friend_requests` (
  `initiator_user_id` bigint(20) unsigned NOT NULL,
  `target_user_id` bigint(20) unsigned NOT NULL,
  `status` enum('requested','approved','declined','unfriended') COLLATE utf8_unicode_ci DEFAULT NULL,
  `requested_at` datetime DEFAULT current_timestamp(),
  `updated_at` datetime DEFAULT NULL ON UPDATE current_timestamp(),
  PRIMARY KEY (`initiator_user_id`,`target_user_id`),
  KEY `target_user_id` (`target_user_id`),
  CONSTRAINT `friend_requests_ibfk_1` FOREIGN KEY (`initiator_user_id`) REFERENCES `users` (`id`) ON DELETE CASCADE ON UPDATE CASCADE,
  CONSTRAINT `friend_requests_ibfk_2` FOREIGN KEY (`target_user_id`) REFERENCES `users` (`id`) ON DELETE CASCADE ON UPDATE CASCADE
) ENGINE=InnoDB DEFAULT CHARSET=utf8 COLLATE=utf8_unicode_ci;

INSERT INTO `friend_requests` VALUES ('1','1','approved','1986-12-23 14:29:26','1981-08-18 10:45:22'),
('2','2','declined','2000-10-08 07:29:41','2007-12-16 22:34:55'),
('3','3','requested','1999-05-25 18:39:40','2012-05-26 21:41:50'),
('4','4','declined','1990-10-21 16:22:49','2009-02-21 18:05:15'),
('5','5','unfriended','1984-11-12 23:33:56','1990-07-02 08:21:10'),
('6','6','requested','1990-03-12 03:30:34','1988-07-20 01:28:00'),
('7','7','requested','1979-09-09 00:12:43','1996-03-14 20:48:19'),
('8','8','declined','2014-08-10 01:22:35','2006-05-19 09:17:29'),
('9','9','approved','2004-07-09 19:25:29','1989-09-16 09:53:00'),
('10','10','approved','2001-08-14 16:56:03','1982-03-12 22:59:26'),
('11','11','approved','1994-06-01 22:23:41','1978-04-22 04:16:40'),
('12','12','unfriended','2012-03-19 23:50:58','1998-01-23 19:30:23'),
('13','13','approved','1999-02-06 07:25:44','1980-09-16 02:59:57'),
('14','14','unfriended','1973-07-18 10:03:05','2019-02-02 06:21:26'),
('15','15','approved','1975-02-15 13:10:56','2006-11-12 07:02:14'),
('16','16','approved','1975-02-17 13:30:47','1974-10-12 04:34:14'),
('17','17','approved','1996-06-10 23:25:38','1989-06-09 05:27:29'),
('18','18','requested','2006-06-28 11:51:17','1999-05-16 01:40:18'),
('19','19','approved','2006-06-18 03:26:58','1976-12-13 21:20:36'),
('20','20','declined','1994-02-10 08:59:32','1977-05-08 22:59:46'),
('21','21','declined','1985-09-16 02:17:29','1973-01-13 03:28:37'),
('22','22','declined','2001-08-03 20:05:45','2010-05-24 02:11:08'),
('23','23','declined','1997-10-05 03:59:20','2008-12-30 21:50:43'),
('24','24','requested','1991-12-27 23:45:24','1987-01-10 08:49:04'),
('25','25','declined','1971-01-11 09:40:36','1992-07-28 16:14:08'),
('26','26','declined','1989-12-26 07:45:30','1989-01-07 21:40:23'),
('27','27','approved','1989-06-19 06:40:04','2014-07-15 19:56:05'),
('28','28','approved','2016-01-05 14:09:56','2002-04-20 15:17:57'),
('29','29','requested','2016-01-03 10:36:14','2006-06-20 07:01:08'),
('30','30','requested','1976-04-29 02:56:32','2003-07-23 02:04:33'),
('31','31','requested','1994-07-03 14:45:43','2020-12-10 12:39:54'),
('32','32','requested','1999-04-05 10:07:00','2013-01-22 23:04:40'),
('33','33','declined','2005-03-20 00:51:02','1991-01-26 13:33:57'),
('34','34','unfriended','1982-02-23 23:20:41','1975-05-07 02:02:53'),
('35','35','approved','2018-01-27 10:42:10','1976-12-16 20:18:16'),
('36','36','approved','1993-05-13 18:29:09','2011-10-17 00:03:35'),
('37','37','declined','2020-04-20 22:43:02','2011-10-17 16:02:19'),
('38','38','declined','1997-03-18 18:49:20','1998-07-04 08:39:36'),
('39','39','approved','1983-11-17 22:29:21','1979-02-12 15:37:16'),
('40','40','unfriended','1991-04-24 12:27:17','1984-04-02 04:22:26'),
('41','41','declined','1979-06-26 09:36:10','2015-07-24 18:38:38'),
('42','42','unfriended','1972-12-25 00:39:18','1975-01-04 06:07:15'),
('43','43','declined','2018-11-18 20:51:46','2003-05-12 21:27:07'),
('44','44','requested','1977-08-01 07:20:35','2004-12-15 08:19:27'),
('45','45','declined','2012-08-13 21:26:37','1975-04-13 01:04:43'),
('46','46','requested','1989-02-15 17:27:41','1983-01-22 11:01:44'),
('47','47','declined','1994-07-24 23:24:34','2012-08-13 06:34:33'),
('48','48','declined','1985-04-04 02:53:30','1973-11-22 04:07:02'),
('49','49','approved','2015-12-06 15:23:43','1970-08-06 03:54:46'),
('50','50','unfriended','2015-06-23 01:21:39','1991-03-09 00:16:31'),
('51','51','requested','1983-12-20 03:16:29','1997-10-19 10:19:14'),
('52','52','requested','2019-03-28 17:04:00','2011-07-01 00:00:57'),
('53','53','approved','1979-06-16 10:51:03','1975-02-14 12:51:46'),
('54','54','requested','2020-11-13 11:11:15','2013-09-18 18:19:31'),
('55','55','declined','1998-04-21 20:23:06','1972-03-08 22:20:05'),
('56','56','declined','2001-03-31 01:26:22','1973-10-07 06:20:54'),
('57','57','declined','2004-10-10 02:37:31','1973-09-05 15:32:18'),
('58','58','unfriended','1970-03-03 01:58:11','2014-07-30 09:26:36'),
('59','59','requested','2006-09-04 03:47:28','1984-06-11 03:45:01'),
('60','60','unfriended','1992-09-11 17:13:42','1971-02-21 09:43:23'),
('61','61','unfriended','1998-07-08 07:23:50','1990-12-24 08:02:37'),
('62','62','requested','1995-01-04 19:40:29','1995-11-10 19:49:58'),
('63','63','requested','1988-09-02 22:10:26','1973-08-08 14:12:12'),
('64','64','declined','2019-06-18 06:45:02','1996-04-27 07:53:06'),
('65','65','approved','2008-09-06 10:04:42','1991-11-03 19:25:44'),
('66','66','declined','2003-06-14 22:21:43','2003-03-28 08:53:55'),
('67','67','requested','1997-03-16 17:58:10','1990-08-05 11:59:12'),
('68','68','approved','1984-05-26 21:53:35','2015-02-13 05:32:29'),
('69','69','unfriended','1998-02-24 16:16:25','1980-01-22 07:26:12'),
('70','70','unfriended','1976-05-25 03:10:12','1987-06-12 13:45:32'),
('71','71','declined','1978-03-07 21:14:09','2015-12-27 01:25:37'),
('72','72','approved','2009-04-09 03:03:39','2006-03-25 14:25:26'),
('73','73','requested','2010-01-07 17:50:53','1989-12-15 20:26:34'),
('74','74','declined','2013-12-23 18:28:30','2008-10-24 21:30:56'),
('75','75','approved','1980-11-02 17:15:36','2015-10-16 00:54:41'),
('76','76','unfriended','1991-12-21 04:10:42','2002-03-01 17:45:55'),
('77','77','approved','1978-07-02 05:41:11','1982-08-03 01:45:13'),
('78','78','requested','2014-04-29 04:51:41','2019-02-16 14:27:47'),
('79','79','unfriended','1991-08-21 16:00:58','2005-04-27 22:29:50'),
('80','80','declined','2005-05-07 08:56:48','1984-08-21 05:14:44'),
('81','81','declined','1999-06-08 06:49:14','2006-11-09 12:08:23'),
('82','82','unfriended','1974-11-08 18:38:07','1982-04-28 11:58:21'),
('83','83','unfriended','2017-11-14 08:33:16','1998-03-27 03:36:25'),
('84','84','unfriended','2018-03-15 16:14:18','1992-10-05 13:51:14'),
('85','85','approved','1977-11-21 11:33:34','2020-02-21 23:05:22'),
('86','86','approved','2000-08-21 05:42:37','1991-05-17 14:29:30'),
('87','87','requested','1976-01-16 06:21:27','1984-05-14 16:56:21'),
('88','88','approved','2016-10-16 00:31:48','1988-01-13 06:13:08'),
('89','89','unfriended','2002-12-08 10:34:03','2003-11-04 15:48:09'),
('90','90','unfriended','1997-01-19 14:40:19','1988-09-13 21:51:47'),
('91','91','unfriended','1971-02-03 18:26:52','1986-01-08 11:36:57'),
('92','92','unfriended','1984-11-06 02:43:16','1983-08-24 17:14:50'),
('93','93','requested','1974-01-27 10:29:20','1977-05-31 22:08:20'),
('94','94','requested','2012-04-15 02:34:55','1997-03-26 15:04:20'),
('95','95','declined','1980-05-15 20:07:12','2004-12-18 14:11:44'),
('96','96','approved','2019-06-29 01:39:41','2020-06-09 11:47:50'),
('97','97','unfriended','2018-12-14 22:03:15','1981-12-18 05:13:43'),
('98','98','requested','1978-05-06 15:30:24','1999-05-12 19:10:27'),
('99','99','unfriended','2012-03-02 07:56:24','2020-09-04 09:35:40'),
('100','100','approved','2014-02-15 07:43:26','1988-07-11 15:08:42'); 


DROP TABLE IF EXISTS `likes`;
CREATE TABLE `likes` (
  `id` bigint(20) unsigned NOT NULL AUTO_INCREMENT,
  `user_id` bigint(20) unsigned NOT NULL,
  `media_id` bigint(20) unsigned NOT NULL,
  `created_at` datetime DEFAULT current_timestamp(),
  PRIMARY KEY (`id`),
  KEY `user_id` (`user_id`),
  KEY `media_id` (`media_id`),
  CONSTRAINT `likes_ibfk_1` FOREIGN KEY (`user_id`) REFERENCES `users` (`id`) ON DELETE CASCADE ON UPDATE CASCADE,
  CONSTRAINT `likes_ibfk_2` FOREIGN KEY (`media_id`) REFERENCES `media` (`id`) ON DELETE CASCADE ON UPDATE CASCADE
) ENGINE=InnoDB AUTO_INCREMENT=101 DEFAULT CHARSET=utf8 COLLATE=utf8_unicode_ci;

INSERT INTO `likes` VALUES ('1','1','1','2019-05-20 23:14:10'),
('2','2','2','2019-07-06 18:17:47'),
('3','3','3','2019-04-01 13:27:21'),
('4','4','4','2000-04-14 19:33:18'),
('5','5','5','1978-09-19 03:13:46'),
('6','6','6','2019-05-22 18:06:22'),
('7','7','7','2005-05-08 06:06:52'),
('8','8','8','1997-06-06 15:08:22'),
('9','9','9','1989-11-18 14:04:33'),
('10','10','10','2004-06-26 01:35:30'),
('11','11','11','2008-11-23 10:28:31'),
('12','12','12','1991-07-24 15:49:09'),
('13','13','13','2003-07-20 05:00:40'),
('14','14','14','2014-05-04 03:38:49'),
('15','15','15','1999-12-20 21:15:29'),
('16','16','16','2004-03-07 16:24:21'),
('17','17','17','1988-11-05 13:25:42'),
('18','18','18','1987-02-16 04:41:51'),
('19','19','19','2007-09-09 09:26:16'),
('20','20','20','1978-03-25 00:38:09'),
('21','21','21','2018-02-23 16:03:53'),
('22','22','22','1975-04-23 23:22:40'),
('23','23','23','1987-04-25 10:11:33'),
('24','24','24','2019-12-09 13:26:30'),
('25','25','25','2017-06-23 19:52:25'),
('26','26','26','2004-12-18 00:36:16'),
('27','27','27','1984-12-23 08:09:09'),
('28','28','28','2010-09-01 20:14:05'),
('29','29','29','1989-07-05 04:17:54'),
('30','30','30','1986-12-21 11:22:29'),
('31','31','31','1976-04-05 17:21:17'),
('32','32','32','1972-04-18 21:10:17'),
('33','33','33','1990-07-10 22:42:15'),
('34','34','34','1990-02-16 10:38:18'),
('35','35','35','2013-12-08 07:52:25'),
('36','36','36','1986-03-16 11:00:36'),
('37','37','37','2017-02-17 08:00:19'),
('38','38','38','2014-11-30 23:06:52'),
('39','39','39','2020-10-16 17:35:47'),
('40','40','40','2010-12-17 21:08:34'),
('41','41','41','1991-11-16 20:31:10'),
('42','42','42','1995-05-18 04:19:21'),
('43','43','43','1972-07-23 23:37:51'),
('44','44','44','2002-04-01 10:00:35'),
('45','45','45','2008-04-19 23:11:33'),
('46','46','46','2008-10-08 12:34:01'),
('47','47','47','2016-09-22 16:25:48'),
('48','48','48','2007-08-04 03:15:34'),
('49','49','49','1991-01-26 01:03:14'),
('50','50','50','1992-08-16 00:12:15'),
('51','51','51','1983-01-17 23:17:36'),
('52','52','52','1983-12-05 00:50:26'),
('53','53','53','2008-03-28 04:33:52'),
('54','54','54','2018-04-14 08:45:27'),
('55','55','55','1971-03-03 13:18:42'),
('56','56','56','1974-06-09 23:26:29'),
('57','57','57','1971-12-24 04:40:02'),
('58','58','58','1983-06-28 00:26:54'),
('59','59','59','2018-06-05 21:26:00'),
('60','60','60','1982-12-03 05:47:35'),
('61','61','61','1994-06-17 19:49:49'),
('62','62','62','2002-02-27 05:23:11'),
('63','63','63','1992-09-28 15:44:02'),
('64','64','64','2010-06-07 20:11:20'),
('65','65','65','2015-06-28 07:33:00'),
('66','66','66','1981-02-25 10:14:30'),
('67','67','67','1986-12-16 10:14:37'),
('68','68','68','2006-03-04 18:22:27'),
('69','69','69','2009-05-10 19:54:14'),
('70','70','70','2019-07-16 13:38:45'),
('71','71','71','1978-03-04 14:18:33'),
('72','72','72','1990-11-06 04:20:43'),
('73','73','73','1971-07-14 09:44:11'),
('74','74','74','2008-08-03 00:52:41'),
('75','75','75','2006-01-25 16:21:58'),
('76','76','76','2009-05-04 13:46:30'),
('77','77','77','1989-10-17 04:27:35'),
('78','78','78','1992-04-21 12:33:10'),
('79','79','79','1975-10-11 04:36:23'),
('80','80','80','1991-08-18 20:27:54'),
('81','81','81','1988-09-25 12:21:38'),
('82','82','82','1987-02-25 07:32:13'),
('83','83','83','1981-12-03 11:14:16'),
('84','84','84','2018-01-24 10:55:45'),
('85','85','85','2017-04-16 11:30:01'),
('86','86','86','2003-04-06 15:31:32'),
('87','87','87','1983-03-15 05:40:03'),
('88','88','88','2002-04-18 17:24:44'),
('89','89','89','1981-05-21 00:09:54'),
('90','90','90','2009-12-03 22:55:51'),
('91','91','91','1978-07-19 18:02:57'),
('92','92','92','1971-11-08 07:43:14'),
('93','93','93','2011-02-22 23:11:23'),
('94','94','94','2001-11-20 22:17:35'),
('95','95','95','1996-09-16 18:42:01'),
('96','96','96','1980-02-13 07:56:30'),
('97','97','97','1995-02-10 15:40:20'),
('98','98','98','2015-11-03 18:24:28'),
('99','99','99','1986-09-11 18:13:23'),
('100','100','100','2019-10-01 01:58:25'); 


DROP TABLE IF EXISTS `media`;
CREATE TABLE `media` (
  `id` bigint(20) unsigned NOT NULL AUTO_INCREMENT,
  `media_type_id` bigint(20) unsigned NOT NULL,
  `user_id` bigint(20) unsigned NOT NULL,
  `body` text COLLATE utf8_unicode_ci DEFAULT NULL,
  `filename` varchar(255) COLLATE utf8_unicode_ci DEFAULT NULL,
  `size` int(11) DEFAULT NULL,
  `metadata` longtext CHARACTER SET utf8mb4 COLLATE utf8mb4_bin DEFAULT NULL CHECK (json_valid(`metadata`)),
  `created_at` datetime DEFAULT current_timestamp(),
  `updated_at` datetime DEFAULT current_timestamp() ON UPDATE current_timestamp(),
  PRIMARY KEY (`id`),
  KEY `user_id` (`user_id`),
  KEY `media_type_id` (`media_type_id`),
  CONSTRAINT `media_ibfk_1` FOREIGN KEY (`user_id`) REFERENCES `users` (`id`) ON DELETE CASCADE ON UPDATE CASCADE,
  CONSTRAINT `media_ibfk_2` FOREIGN KEY (`media_type_id`) REFERENCES `media_types` (`id`) ON DELETE CASCADE ON UPDATE CASCADE
) ENGINE=InnoDB AUTO_INCREMENT=101 DEFAULT CHARSET=utf8 COLLATE=utf8_unicode_ci;

INSERT INTO `media` VALUES ('1','1','1','Enim quia velit aut modi. Aspernatur et qui recusandae consectetur nostrum. Blanditiis voluptas est quia ut tempore sunt.','unde','0',NULL,'1992-10-26 11:01:46','1990-05-23 02:28:11'),
('2','2','2','Ullam et dignissimos voluptas in. Illo ipsa quidem quo. Rerum laboriosam rem enim enim sed quasi.','accusantium','954897208',NULL,'2016-01-18 18:44:28','2001-10-04 22:43:07'),
('3','3','3','Occaecati dolorem ex qui eligendi quidem velit. Non quod numquam repudiandae neque temporibus. Sint provident soluta deserunt.','molestiae','72',NULL,'1996-11-26 21:32:25','2005-03-30 08:38:13'),
('4','4','4','Fugit sapiente eius alias aut cumque repellat. Facilis minima iusto molestiae mollitia aut quia consectetur. Pariatur aperiam est dolorem similique placeat aut est velit.','tempore','2',NULL,'1999-01-11 01:45:38','2003-02-28 15:30:39'),
('5','5','5','Molestiae eaque doloribus cupiditate ut delectus. Nihil fugiat adipisci quis illo. Provident in explicabo rerum.','doloribus','815303606',NULL,'1995-02-01 10:07:55','1987-06-21 17:06:13'),
('6','6','6','Magni modi consequatur non explicabo. Sed praesentium quae quibusdam inventore. Odit ut voluptas eligendi reprehenderit. Molestias ut est vel voluptas iusto hic distinctio. Minus esse et tempora accusantium dignissimos.','repudiandae','53',NULL,'1986-01-28 18:12:25','1989-12-12 07:58:49'),
('7','7','7','Dolores eum labore eveniet. Officia a nulla et laboriosam harum. Occaecati rerum modi exercitationem.','sint','5',NULL,'1980-01-09 16:26:09','2000-10-21 13:22:24'),
('8','8','8','Corporis rerum repudiandae culpa qui accusantium debitis. Dolores sint corporis aut doloremque distinctio eveniet adipisci. Similique dolor alias consequatur odio sunt debitis.','repellendus','7762',NULL,'1990-07-12 20:34:05','2006-07-13 16:15:43'),
('9','9','9','Non exercitationem sint fugit quasi. Aliquam quis asperiores sit et ipsa. Officia nam sed commodi accusamus eum velit. Facilis velit quas ad nostrum ipsa assumenda.','aut','39',NULL,'2015-03-20 04:15:11','1985-06-02 12:34:44'),
('10','10','10','Sapiente totam quam unde repellendus. Tempora at aut aut illum. Vero aliquam veniam molestiae et iure totam.','eligendi','28407602',NULL,'1979-02-04 06:45:02','1999-03-07 10:52:13'),
('11','11','11','Enim enim repudiandae nemo possimus. Qui aut quidem dolorem ea. Mollitia reiciendis vel voluptatibus quisquam nostrum.','est','145',NULL,'1996-08-20 00:25:18','2008-11-29 02:50:05'),
('12','12','12','Ut velit aut quis voluptatem rerum aliquid laborum necessitatibus. Et unde aperiam id maxime id in quibusdam. Modi suscipit possimus atque non vero.','sunt','46',NULL,'2005-10-17 16:59:24','2017-04-18 20:15:42'),
('13','13','13','Repudiandae accusamus quod praesentium modi. Ipsa laboriosam repudiandae natus quaerat dolorum vitae. Voluptates vitae vitae aspernatur excepturi qui blanditiis. Voluptas et praesentium provident omnis optio cum aperiam. Atque quae et minus nostrum omnis.','esse','84607',NULL,'2004-04-08 02:39:19','2006-12-12 01:46:58'),
('14','14','14','Sunt inventore omnis voluptate repellat et. Corrupti labore deserunt sunt aut adipisci qui consectetur.','consequatur','428',NULL,'1999-01-03 20:04:34','1990-08-24 00:50:29'),
('15','15','15','Est ipsum numquam tenetur perspiciatis maiores. Id perspiciatis fugit est non perspiciatis. Iste voluptas quos aut voluptas ipsam.','esse','6898903',NULL,'1988-09-19 05:34:20','1979-07-18 08:42:30'),
('16','16','16','Quisquam facere et accusantium asperiores voluptas. Doloribus est cum ut praesentium quibusdam natus aut. Impedit fugiat sunt nihil consequatur quaerat. Officiis nam veritatis facere dignissimos.','sapiente','94801282',NULL,'1995-01-13 01:54:48','2003-07-06 10:09:09'),
('17','17','17','Amet vel ea adipisci quo. Ad delectus in nulla corporis quibusdam. Doloribus laborum eveniet explicabo voluptas consectetur laudantium minus. Accusamus corporis et placeat voluptatem tempore ut. Laboriosam sed recusandae perferendis temporibus non.','ipsa','800437',NULL,'2018-05-19 20:26:24','2019-08-07 01:48:17'),
('18','18','18','Quasi odio velit et excepturi. Possimus et voluptas quae dicta assumenda. Dolores ut tempora rerum placeat aut dolores totam.','consequatur','979',NULL,'2006-10-01 10:15:02','1983-06-21 03:53:15'),
('19','19','19','Eum cupiditate temporibus neque. Est fugit iste praesentium voluptas aspernatur rerum. Et praesentium dolorem et fugiat corporis.','dolores','9',NULL,'1985-05-08 03:58:58','1973-11-07 22:19:02'),
('20','20','20','Pariatur ut molestiae non qui ullam cumque ipsa. Distinctio fugiat fugit omnis ullam. Corrupti ipsum dolorem repudiandae quas. Molestias consequatur sed culpa fugiat laboriosam.','ab','73682',NULL,'1993-06-03 23:25:32','1996-05-29 02:18:47'),
('21','21','21','Quae vero distinctio sit id non fuga eius. Architecto maiores nostrum veniam ad provident qui voluptatibus id. Aliquid hic alias non odio.','ut','508297',NULL,'2009-02-12 11:07:51','1989-03-09 09:49:58'),
('22','22','22','Ut aperiam sunt asperiores id voluptates accusamus rerum eius. Numquam debitis cumque ab consectetur ex delectus corrupti perspiciatis. Sit id rem omnis quo. Tempore omnis exercitationem nulla.','nesciunt','8',NULL,'1977-02-20 05:43:22','2010-08-16 20:30:03'),
('23','23','23','Dolores quos optio sit ut aut et eaque. Dolorem illum et tempora eveniet laborum et dolores. Quia harum laudantium distinctio excepturi esse. A est ut quo est enim.','et','0',NULL,'2015-04-28 13:02:14','2009-01-03 09:06:31'),
('24','24','24','Rerum mollitia placeat ducimus vel porro esse. Et voluptas fugit eos fugiat. Eius magni eius delectus dolorem. Eum totam enim quaerat libero.','doloribus','86716',NULL,'1984-04-30 01:06:54','2013-03-02 00:33:02'),
('25','25','25','Et et rerum laboriosam provident suscipit perferendis aspernatur. Voluptas odio in et beatae non. Soluta quaerat natus ea eveniet autem ducimus.','aut','0',NULL,'1999-10-20 19:17:56','2000-12-08 00:42:31'),
('26','26','26','Temporibus laborum quae ipsam consequatur et id quisquam. Adipisci voluptate totam id earum recusandae est. Recusandae et soluta necessitatibus. Cum ratione facere possimus.','doloremque','841571730',NULL,'1979-05-05 08:00:55','1994-12-17 18:13:54'),
('27','27','27','Tenetur recusandae explicabo deleniti maxime. Necessitatibus illum aut minus ducimus. Omnis qui tenetur nihil quam aut. Dolorem quasi quia voluptas laboriosam sunt dignissimos.','delectus','27333688',NULL,'2012-02-24 22:39:51','2003-11-18 18:11:53'),
('28','28','28','Ut est sit optio autem adipisci et. Assumenda sit consequatur quis eos libero. Est dolor ipsa hic omnis. Porro veniam iusto ad tempore quaerat.','quo','49659101',NULL,'2006-07-17 02:38:56','1970-07-30 17:44:28'),
('29','29','29','Culpa quia nulla eos impedit. Quia recusandae iste in. Atque maxime quam impedit cupiditate accusantium sequi expedita.','ut','168967904',NULL,'1992-01-30 22:50:27','1970-03-15 23:52:05'),
('30','30','30','Eum aut animi doloribus quae molestiae consequatur non. Quia ut ratione ut vel ut omnis. Aut recusandae nihil id itaque ut nihil maxime.','quia','75',NULL,'2020-08-07 18:04:38','1994-06-12 23:59:10'),
('31','31','31','Earum tempora voluptas et aperiam iure voluptatum animi. Eveniet dolorem dolore officiis eos eos quidem a incidunt. Similique qui eum enim dolor ipsum itaque tempore.','nemo','746174',NULL,'2012-06-28 04:19:25','1974-03-25 22:25:46'),
('32','32','32','Officiis cumque rerum quae enim magnam vel. Quia eos adipisci at rem unde neque. Culpa autem quia consequatur voluptates nihil aut. Tenetur laudantium provident aut minima maxime.','quos','2265922',NULL,'2020-03-30 20:02:44','1984-03-11 07:44:03'),
('33','33','33','Ipsum accusantium debitis laborum debitis. Blanditiis libero omnis doloremque veniam est. Doloremque sunt itaque aspernatur est.','quaerat','151',NULL,'1971-06-20 10:08:33','1983-03-17 04:44:53'),
('34','34','34','Ut exercitationem eaque consequuntur harum inventore adipisci. In a ut velit voluptatem. Exercitationem numquam vero quo sed est sint. Temporibus iste et qui quam neque qui ab rerum.','non','239',NULL,'2000-12-01 16:33:20','1980-09-29 02:06:59'),
('35','35','35','Vel explicabo odit aut provident dolore. Blanditiis placeat eos molestiae sit labore. A sunt autem voluptatum quis totam. Earum ea totam quibusdam aut voluptas.','molestias','22783',NULL,'1989-09-13 21:45:58','1999-12-25 21:25:57'),
('36','36','36','Perspiciatis sunt ut sint. Velit eveniet iste aperiam sapiente.','explicabo','4346',NULL,'1970-10-29 20:54:33','1980-01-22 14:45:03'),
('37','37','37','Aut a voluptas atque. Autem qui non fugiat ab nemo. Eligendi autem quam quae quia dolor. Vel accusantium quidem soluta.','doloribus','7989',NULL,'1980-01-10 11:13:11','2007-02-02 11:33:05'),
('38','38','38','Enim sit et consequatur in. Harum suscipit qui eos voluptatibus. Modi similique enim ad est dolorem accusantium dolor.','autem','154640',NULL,'1982-03-30 21:32:11','2002-11-21 14:07:44'),
('39','39','39','Aut quia facere modi. Ullam aut commodi at sed.','eligendi','1705979',NULL,'2001-03-28 19:19:09','1973-11-10 17:05:53'),
('40','40','40','Provident maiores eum odit suscipit harum ipsam. Molestias iusto voluptatum ipsum omnis expedita nesciunt saepe. Velit accusamus ad ea.','nisi','2',NULL,'1976-03-06 07:31:10','1983-06-12 13:01:12'),
('41','41','41','Quasi velit voluptatem neque officiis fugit sit modi rerum. Beatae fugiat illum quo corrupti hic velit voluptatem. Enim et saepe nisi. Autem reiciendis voluptates porro et harum.','repellendus','624066',NULL,'1995-07-25 12:35:13','2013-11-28 21:20:17'),
('42','42','42','Voluptatem explicabo voluptatem vel ad qui voluptatem. Et libero natus perferendis aut. Autem impedit excepturi vitae et quia. Qui quia voluptatem voluptatem. Et qui nesciunt dolores in aspernatur repellat ad.','officia','4156',NULL,'1977-11-18 15:55:07','1990-07-26 06:34:23'),
('43','43','43','Eum sequi molestias sed illo esse est explicabo deserunt. Ut aut recusandae necessitatibus quam natus accusamus eos. Vero facilis ut voluptatem enim illum. Sint nam et perspiciatis earum ut quo.','facere','149422',NULL,'2016-05-12 13:48:36','1984-06-02 08:56:54'),
('44','44','44','Officiis eligendi similique est voluptatem. Nobis quam facilis adipisci occaecati. Impedit numquam qui alias atque enim error voluptas.','explicabo','93',NULL,'1971-08-27 14:42:31','2003-07-02 11:27:17'),
('45','45','45','Veniam odio laudantium et sapiente. Quasi labore et beatae sequi iste. Fuga quo impedit itaque porro aperiam quos nihil.','neque','30859',NULL,'1997-10-27 14:52:24','1974-01-19 19:35:28'),
('46','46','46','Eum dolore recusandae ducimus nesciunt magni velit. Corrupti ab corrupti est repellendus. Officia quae deserunt vel eveniet accusamus iusto voluptatum.','nesciunt','309375',NULL,'1996-08-24 06:12:24','2012-06-08 15:01:59'),
('47','47','47','Harum quae quis voluptatem tempora est quia earum. Quam dolor est quam velit.','accusamus','32',NULL,'1990-05-12 09:30:45','1987-05-05 06:41:42'),
('48','48','48','Ullam debitis nesciunt et nulla magnam tenetur. Odit labore omnis saepe quasi harum in. Quia et quidem saepe dolore sapiente. Debitis voluptatum sint aut. Est qui nam qui repellat.','vero','9446',NULL,'1985-02-17 08:09:19','1978-04-25 03:49:09'),
('49','49','49','Quisquam eaque aut et repudiandae non facilis mollitia. Natus quos delectus est quae unde id. Ex alias quas inventore.','tempora','39',NULL,'2000-04-25 02:52:45','2009-04-18 17:16:56'),
('50','50','50','Adipisci et ad beatae eligendi vero nisi. Saepe veritatis aut in officia placeat autem. Est ipsam eveniet ipsam. Laboriosam quaerat enim eum hic.','voluptatum','72951926',NULL,'2020-08-19 10:04:33','2018-10-25 19:19:53'),
('51','51','51','Aspernatur repudiandae quam dolores perferendis soluta harum ut. Nam perferendis rerum nisi animi sit minus a omnis. Ut nisi sint amet optio. Dolores error soluta eum dolorum.','libero','5629',NULL,'1991-10-23 07:23:28','1987-10-09 14:02:49'),
('52','52','52','Nemo molestiae officia enim enim omnis. Exercitationem et quasi eius sit est. Quas nam quasi debitis aut repellendus et occaecati expedita.','odio','12314752',NULL,'1978-01-06 05:30:34','1971-04-14 14:12:41'),
('53','53','53','Quia et nobis velit aut tempore molestias est tempore. Consequatur nulla vitae consequatur adipisci incidunt non. Eos et sit omnis quod harum.','veritatis','18465',NULL,'2015-07-08 21:21:46','2019-01-07 15:03:02'),
('54','54','54','Cum nam quae voluptas ea aut sint. Sunt voluptatem totam dolor ut voluptas illo. Nemo maiores molestiae velit eum harum pariatur vel. Libero ratione aperiam ea et corporis qui rerum.','et','634939',NULL,'1995-06-25 19:11:11','1996-10-20 09:35:17'),
('55','55','55','Voluptatem repellat natus sunt qui debitis eaque. Error omnis tenetur voluptas. Esse et eos reiciendis porro. Nihil blanditiis qui nobis sint tempora cum dolor.','rem','520496',NULL,'2001-10-01 09:55:53','2015-07-22 20:33:36'),
('56','56','56','Omnis eos suscipit eveniet dolores. Sint est maxime quo numquam in repellendus sed et. Aliquid tempore ut a omnis sed eos porro sed. Voluptates itaque ut ipsam et.','sed','914756',NULL,'1999-07-03 00:38:21','1988-01-18 13:08:44'),
('57','57','57','Quasi sequi voluptates aut aliquam. Qui unde accusamus doloremque hic at. Aspernatur assumenda sed deleniti numquam eligendi blanditiis. Aspernatur error fuga unde voluptas sed non.','officiis','8',NULL,'1998-05-09 05:44:55','2018-08-31 11:31:35'),
('58','58','58','Quam eos excepturi aperiam dolorum consequatur et ut. Et et nisi eum iusto laudantium.','dolorum','0',NULL,'2015-03-15 08:45:05','1976-08-30 19:54:57'),
('59','59','59','Tempora ab eum ducimus qui. Qui dolorum sint enim tempora. Adipisci architecto incidunt quo quisquam voluptates molestias qui. Non unde ipsa minus culpa saepe aut nihil.','sint','222',NULL,'1987-03-08 20:20:13','1979-10-27 07:48:07'),
('60','60','60','Dignissimos ut amet quia qui. Vitae ducimus sed optio atque.','libero','163265',NULL,'1994-04-24 21:27:41','2009-07-05 19:04:03'),
('61','61','61','Tempore ut qui possimus eius modi. Iusto ut autem nihil. Et velit temporibus mollitia.','voluptas','488133355',NULL,'1992-12-05 12:04:09','2003-11-08 07:21:18'),
('62','62','62','Omnis molestias voluptates quia assumenda quia. Voluptas ut vel temporibus architecto. Saepe voluptatem eos et. Cum quae rerum reprehenderit ducimus dignissimos quis. Reiciendis aut non at tempora assumenda ut veniam.','dolores','869637395',NULL,'1989-07-31 00:44:46','1998-12-28 20:37:33'),
('63','63','63','Non sed non rerum ab debitis debitis. Praesentium ad eveniet quisquam veniam incidunt aut ut.','iure','888961929',NULL,'2013-09-08 04:40:38','1979-06-07 05:22:08'),
('64','64','64','Possimus minus velit reiciendis unde. Omnis voluptatibus sit cupiditate quia aut. Qui rerum sequi ducimus consectetur dolorem.','et','4234566',NULL,'1996-06-02 22:59:59','1985-09-03 02:24:02'),
('65','65','65','Quis voluptatibus delectus blanditiis accusantium. Non natus ut eaque perspiciatis esse dignissimos. A eos minus voluptas ullam similique.','dolor','957851',NULL,'2005-07-04 07:10:40','1999-02-25 22:30:43'),
('66','66','66','Aut aut possimus incidunt magnam nemo fugiat. Id debitis saepe vel enim enim. Beatae et harum consectetur sit rerum.','mollitia','0',NULL,'2020-04-15 23:48:11','2007-03-19 06:34:48'),
('67','67','67','Autem et incidunt suscipit expedita delectus voluptate qui. Sunt quod qui velit enim velit et temporibus. Eos enim sed error atque ratione tenetur delectus. Aliquam ea occaecati consequatur ad similique nesciunt asperiores.','quia','12918',NULL,'1993-05-19 17:59:32','1980-04-19 11:13:48'),
('68','68','68','Labore consequatur non ex nesciunt nihil id qui non. Nam velit quaerat voluptatem autem quia facilis. At iusto sapiente corrupti. Laborum quod hic veritatis reiciendis aut labore.','necessitatibus','40',NULL,'2009-06-08 22:18:44','1995-03-26 16:05:59'),
('69','69','69','Ut voluptatum libero veritatis sunt nesciunt eveniet dolor architecto. Aut esse magni maiores voluptatum eum nesciunt.','ex','880',NULL,'1972-06-11 22:20:33','2000-03-23 07:30:25'),
('70','70','70','Eos aspernatur amet quia et iste fugiat earum. Dolorem est vitae modi ad perspiciatis voluptatem beatae. Officiis natus consequatur nihil atque sit aut repudiandae.','vitae','910',NULL,'1991-11-11 18:38:08','2007-08-31 09:24:50'),
('71','71','71','Laboriosam voluptas numquam necessitatibus eaque nam itaque pariatur voluptatibus. Qui ipsum id culpa eius qui aut. Nisi labore minima voluptas laboriosam in eligendi.','maiores','15040057',NULL,'1981-06-30 08:51:32','1977-01-15 02:51:29'),
('72','72','72','Asperiores fuga ut facilis velit rerum quis quo inventore. Enim iusto architecto maiores mollitia sint cum. Voluptatem provident voluptate voluptatibus. Quisquam dolores et voluptas laudantium.','hic','35',NULL,'1999-01-04 17:25:50','2014-09-17 16:11:09'),
('73','73','73','Et molestiae omnis aut qui eos. Reiciendis quia molestiae ipsam sunt ut. Dolores consectetur odit sint voluptatem excepturi adipisci explicabo. Ut facilis libero quas incidunt qui.','dolores','61746',NULL,'2006-02-23 20:28:30','1985-06-02 01:18:30'),
('74','74','74','Minima aspernatur omnis quis ut. Natus et minus eum blanditiis corrupti nobis ipsa. Tempore consequuntur ipsam quibusdam a. Velit culpa et quo eaque laboriosam reiciendis tempora.','est','2187073',NULL,'2007-10-05 09:23:08','1995-05-30 04:06:47'),
('75','75','75','Nihil consectetur est officiis blanditiis nemo nobis officiis. Cumque aliquid reprehenderit ut quae fugiat.','repudiandae','35577218',NULL,'1978-10-22 13:47:08','1994-01-07 07:37:19'),
('76','76','76','Qui consequatur voluptates consequatur veritatis vel accusantium. Sint suscipit impedit iusto minima. Unde consequuntur ullam voluptatem sunt provident est. Blanditiis totam illo odit necessitatibus.','eligendi','4666',NULL,'2017-07-21 11:31:56','1971-09-19 10:05:48'),
('77','77','77','Iste provident reiciendis vel dolores eius rerum eum. Tempora nostrum tempora qui. Est doloribus qui aut sed quae temporibus architecto.','dolorem','8',NULL,'1978-01-25 18:02:12','1971-08-15 21:27:05'),
('78','78','78','Fugit beatae impedit at est. Nisi et sit possimus corporis sint sed. Saepe maiores non repudiandae in voluptatum nam rem.','molestias','4267456',NULL,'2001-09-11 09:40:45','1990-02-21 18:13:19'),
('79','79','79','Nobis esse praesentium sit ducimus aspernatur. Quos fuga accusamus ad quidem. Rerum excepturi sapiente delectus similique aut.','veniam','332526136',NULL,'1992-07-16 01:51:33','1973-02-25 17:09:10'),
('80','80','80','Earum asperiores id distinctio recusandae perspiciatis dolores ut. Veritatis sit iusto et a nihil eaque facilis debitis.','et','0',NULL,'2013-12-11 23:16:42','1988-09-20 18:43:50'),
('81','81','81','Quia accusamus rerum molestiae atque qui. Molestiae dignissimos enim ut repellat in repellat rerum. Officiis ex voluptate consequatur et ut consequatur sint consequatur. Perspiciatis pariatur iste enim optio qui numquam recusandae.','ducimus','860421',NULL,'1976-09-03 16:40:16','2013-04-06 16:35:08'),
('82','82','82','Soluta velit voluptas quis nostrum itaque. Eaque eius minima enim autem. Corporis ipsam tempora illum perferendis.','perferendis','79463',NULL,'2017-12-28 03:43:28','2017-07-18 11:52:21'),
('83','83','83','Dignissimos rerum cumque a id dolorem voluptatibus voluptates. Omnis ab repellendus rem. Exercitationem voluptas recusandae laborum dolore cum voluptas. Praesentium beatae dolores impedit dolorem est alias officiis nemo.','dolor','527',NULL,'2010-10-31 00:32:46','1982-04-03 01:41:27'),
('84','84','84','Suscipit ea incidunt enim. Cum dignissimos aut assumenda nihil ipsam. Consequuntur dolor sit atque facere voluptatem molestiae eligendi. Voluptatem facilis et voluptatem ab dolorum sunt.','consequatur','3',NULL,'1984-09-22 22:52:33','1985-03-11 02:04:49'),
('85','85','85','Officia aut eaque dolorum. Quidem corporis a accusamus dolores consequatur. Dolorum perferendis maiores molestias aut. Minus quo exercitationem doloribus est dolorem accusantium.','nam','318565',NULL,'1980-12-09 22:53:37','1985-10-04 10:04:01'),
('86','86','86','Optio saepe eveniet assumenda hic aliquid dolores. Soluta sed ut voluptatem voluptatem. Placeat in nobis aut ut voluptates est. Sint et a laboriosam iure aut dolorem magni deleniti.','fuga','10',NULL,'1994-10-16 11:22:01','1987-12-24 07:48:17'),
('87','87','87','Nobis deserunt quas odio magni. Ipsam officia sit molestias at qui eligendi. Quaerat est harum aut pariatur rem.','aperiam','204',NULL,'1983-05-20 06:59:48','1994-02-23 03:24:28'),
('88','88','88','Quos voluptates libero at ut ipsa consequatur. Voluptatem natus fugiat sit optio amet. Ex autem consectetur sed atque in sit voluptatem. Quia eos illum dicta voluptatem quisquam sed eum mollitia.','eius','52337893',NULL,'1982-08-21 21:34:51','2010-07-11 08:48:00'),
('89','89','89','Et aliquam veniam iusto dicta omnis itaque accusantium vitae. Ab vero sequi similique rem corrupti. Temporibus modi totam in quis eveniet ea.','in','158',NULL,'1982-11-12 06:49:52','2003-07-13 03:18:21'),
('90','90','90','Odio esse et porro quae. Dolores error nulla rerum sint. Enim itaque molestiae et temporibus impedit laudantium ex.','fugit','93170029',NULL,'2018-05-19 11:45:50','1992-01-28 01:52:00'),
('91','91','91','Quia optio sapiente quo voluptatem quas ea error. Dolorum incidunt totam perspiciatis ut quam. Eligendi aut voluptate sint quam esse quibusdam aut architecto. Sint maxime nam velit consectetur.','laboriosam','9',NULL,'2020-05-29 07:50:01','1978-07-29 12:20:00'),
('92','92','92','Odio consequatur saepe perspiciatis recusandae id hic occaecati. Id eum a asperiores similique quidem. Non enim deleniti libero quod aliquid. Et numquam sed natus harum in. Mollitia consequatur tenetur neque quia.','velit','622407',NULL,'2013-04-12 10:54:52','1984-06-04 20:53:30'),
('93','93','93','Ut qui ducimus autem non ex atque illum voluptatem. Quasi quia sed laudantium ut omnis. Voluptatum perspiciatis id assumenda exercitationem. Dolor inventore impedit non amet.','est','675875889',NULL,'2014-09-25 07:12:05','1974-03-20 23:38:45'),
('94','94','94','Iusto beatae non consectetur soluta vitae suscipit aperiam. Quasi voluptatem dignissimos corrupti incidunt eaque. Et impedit nemo eveniet omnis voluptas.','ea','653356',NULL,'1993-08-25 13:51:03','1982-06-03 16:58:47'),
('95','95','95','Rem accusantium illo velit ducimus. Dolorem aperiam blanditiis necessitatibus quod ipsa similique officiis molestiae. Laboriosam dolorem voluptatem tempore ut in ratione dolores.','repellendus','962',NULL,'1999-11-09 11:31:01','2012-12-29 00:11:42'),
('96','96','96','Beatae non similique necessitatibus et cumque non labore. Blanditiis in sequi illum rerum doloremque culpa modi aliquam. Qui vero voluptatem autem quisquam. In qui ratione ut. Et sit sunt non nisi incidunt.','aspernatur','8729',NULL,'2013-04-09 10:43:18','1997-12-22 16:16:31'),
('97','97','97','Quia in minima possimus ratione ea rerum autem. Perspiciatis corrupti consequatur dolorem officiis. Eum molestias consequuntur est id accusamus.','dolor','16',NULL,'1995-12-11 11:21:59','2013-04-27 23:30:08'),
('98','98','98','A velit non ut cum excepturi odio est placeat. Amet consequatur amet quia. Quam minima fugit illo veritatis voluptas ut illo a.','officia','5351497',NULL,'1991-06-07 10:20:18','1984-02-02 15:47:36'),
('99','99','99','Laboriosam cupiditate placeat voluptatem totam. Ratione nulla et dolores laboriosam dolores non sapiente. Nobis est dolores autem atque.','veritatis','1528847',NULL,'1990-10-01 17:46:26','1974-08-24 20:20:06'),
('100','100','100','Vero facere quia delectus aliquid molestias dolores. Deleniti similique incidunt consectetur ipsa. Quam et numquam vel eos magnam.','ex','166015719',NULL,'1987-10-28 23:48:39','1984-03-22 00:44:34'); 


DROP TABLE IF EXISTS `media_types`;
CREATE TABLE `media_types` (
  `id` bigint(20) unsigned NOT NULL AUTO_INCREMENT,
  `name` varchar(255) COLLATE utf8_unicode_ci DEFAULT NULL,
  `created_at` datetime DEFAULT current_timestamp(),
  `updated_at` datetime DEFAULT current_timestamp() ON UPDATE current_timestamp(),
  PRIMARY KEY (`id`)
) ENGINE=InnoDB AUTO_INCREMENT=101 DEFAULT CHARSET=utf8 COLLATE=utf8_unicode_ci;

INSERT INTO `media_types` VALUES ('1','natus','1971-02-26 12:08:51','2011-07-12 13:26:49'),
('2','similique','1974-09-18 10:42:45','1987-05-18 17:42:52'),
('3','possimus','1997-08-07 17:55:54','1996-09-13 12:52:03'),
('4','unde','1972-12-05 11:50:25','1995-12-21 03:46:04'),
('5','recusandae','1986-05-12 17:30:43','1980-08-30 13:56:29'),
('6','voluptates','1976-12-14 21:07:26','1970-10-21 09:27:24'),
('7','veniam','2011-08-11 20:59:36','1998-07-19 15:27:39'),
('8','molestias','1975-03-28 16:39:31','1973-08-11 05:30:49'),
('9','et','2002-04-11 04:09:11','2020-05-10 01:40:38'),
('10','doloremque','1981-12-25 16:10:27','2006-08-10 10:24:27'),
('11','voluptates','1982-01-04 21:32:37','1981-12-21 21:11:58'),
('12','animi','2017-01-08 22:47:22','1994-05-17 03:25:09'),
('13','officiis','1970-09-28 02:31:32','2008-09-24 11:21:21'),
('14','esse','1972-05-13 12:56:50','1990-07-05 00:35:24'),
('15','a','1974-10-24 17:13:17','1977-04-22 12:26:38'),
('16','inventore','2000-06-27 07:34:28','1995-02-04 23:07:52'),
('17','sed','1997-05-19 02:48:38','1971-01-08 00:40:50'),
('18','ea','2009-05-19 03:03:23','1979-07-29 20:53:43'),
('19','ratione','2004-04-01 10:05:33','2008-06-06 09:07:46'),
('20','voluptatem','1974-04-11 23:21:17','2018-09-17 10:23:51'),
('21','aut','1997-12-19 19:56:01','1983-05-16 07:39:29'),
('22','a','2009-04-30 21:19:37','1971-12-13 12:00:52'),
('23','eaque','2014-11-21 09:17:32','2016-09-13 11:03:39'),
('24','alias','1999-10-24 01:34:21','2006-10-02 17:33:49'),
('25','magnam','1980-10-09 21:11:33','2007-05-23 15:59:35'),
('26','eum','1979-11-18 08:12:35','2017-02-13 18:54:26'),
('27','totam','1983-05-09 13:42:11','2005-02-10 06:17:41'),
('28','eum','2015-09-27 00:21:33','2020-08-16 19:56:24'),
('29','quidem','2001-03-08 08:30:13','1991-07-24 21:30:45'),
('30','voluptatum','1985-11-09 09:20:25','1971-05-10 21:12:23'),
('31','quis','2010-05-01 23:29:56','1984-06-03 21:38:10'),
('32','nihil','2008-10-26 15:31:40','1981-07-29 14:02:38'),
('33','ut','2004-08-09 02:05:06','2006-05-11 07:39:00'),
('34','consectetur','1975-11-06 14:43:15','1979-02-26 09:48:39'),
('35','suscipit','1972-08-31 20:05:16','2017-11-22 20:01:53'),
('36','distinctio','1987-03-25 19:51:25','2014-11-13 11:14:13'),
('37','laboriosam','1982-11-04 07:14:15','1993-10-21 04:30:55'),
('38','ut','1988-01-07 07:38:03','1998-11-13 15:24:54'),
('39','velit','1993-04-28 10:57:49','1970-03-21 14:15:50'),
('40','nisi','2011-09-01 23:32:38','2011-08-31 19:24:05'),
('41','minima','1970-11-30 08:34:06','2002-03-17 07:30:00'),
('42','voluptatem','1971-03-14 02:22:31','1989-11-10 10:28:26'),
('43','excepturi','2013-03-17 23:51:06','1971-05-30 13:36:42'),
('44','eligendi','2011-04-12 03:21:09','2019-12-26 07:45:21'),
('45','impedit','1994-04-21 16:34:58','2002-05-24 12:32:58'),
('46','est','1986-03-25 23:34:48','1988-03-28 04:14:40'),
('47','voluptate','1982-08-17 02:25:07','2015-01-22 12:02:26'),
('48','dolor','1978-10-08 02:33:48','1991-08-06 20:13:26'),
('49','repudiandae','1974-02-07 15:57:49','2019-05-17 06:17:41'),
('50','sapiente','1986-07-28 19:14:39','2007-11-15 10:01:15'),
('51','neque','2013-03-11 20:20:51','1992-12-02 21:01:07'),
('52','ut','2020-12-05 06:57:12','2017-12-07 23:29:32'),
('53','possimus','2005-04-08 05:42:35','1992-07-03 08:34:48'),
('54','cupiditate','1973-02-27 10:27:53','1986-04-21 18:04:18'),
('55','aut','2015-02-21 04:56:59','1971-05-02 04:41:10'),
('56','quod','1994-12-23 05:02:58','1976-07-05 09:16:45'),
('57','qui','1987-07-22 19:06:07','1987-07-14 08:48:14'),
('58','quaerat','2012-03-17 14:16:48','1984-03-23 18:45:24'),
('59','ut','1991-08-26 15:27:46','2001-12-05 10:07:22'),
('60','est','1985-01-16 04:54:33','1996-09-15 01:45:03'),
('61','cupiditate','2016-08-29 14:51:51','2004-05-25 01:04:18'),
('62','in','1971-07-30 19:48:35','2001-01-01 03:23:46'),
('63','et','1995-11-19 03:24:36','2017-05-13 00:48:01'),
('64','distinctio','1984-11-17 00:58:21','2004-05-09 11:10:31'),
('65','et','1995-01-06 09:20:17','2019-04-26 21:53:01'),
('66','aut','2019-01-10 11:23:50','1977-03-21 18:16:17'),
('67','quia','1991-03-04 08:38:47','1997-05-03 08:24:19'),
('68','minima','1972-06-12 23:02:34','1988-05-24 23:36:30'),
('69','a','2003-04-24 13:04:07','2009-11-12 16:01:10'),
('70','culpa','2013-03-14 19:16:15','2017-06-10 22:18:44'),
('71','quia','2003-09-24 20:27:07','1991-02-22 12:08:39'),
('72','aliquid','1986-11-26 12:05:43','1995-08-10 23:55:32'),
('73','illo','1978-05-21 08:04:47','2001-10-16 05:43:16'),
('74','qui','2018-12-09 06:26:47','1993-09-05 11:00:11'),
('75','aut','2010-06-07 20:32:56','1975-02-04 06:48:02'),
('76','sapiente','2011-06-15 01:45:11','1976-11-07 05:26:18'),
('77','porro','1994-02-19 08:46:23','2008-04-23 04:07:32'),
('78','ducimus','1982-02-07 17:14:50','1982-07-05 10:59:03'),
('79','recusandae','2005-06-27 02:59:46','2002-04-05 15:28:40'),
('80','et','1983-11-13 03:32:29','1992-10-15 07:02:08'),
('81','omnis','2008-11-22 22:01:18','2010-01-05 14:22:20'),
('82','rem','1985-10-29 21:01:30','2011-10-21 17:33:50'),
('83','dolores','1970-05-16 00:39:50','2000-08-15 17:30:46'),
('84','praesentium','2008-02-08 15:18:11','2003-07-07 17:24:44'),
('85','atque','1999-12-21 23:38:07','1978-03-17 23:09:18'),
('86','voluptatem','1981-06-04 01:31:40','1999-11-18 06:41:03'),
('87','incidunt','2014-08-09 08:40:05','1986-06-12 19:52:22'),
('88','repellendus','1999-09-29 04:08:37','1973-11-03 08:23:44'),
('89','fugiat','1990-03-06 14:41:14','2004-07-09 00:27:46'),
('90','incidunt','1992-07-13 02:48:04','2013-04-07 18:31:32'),
('91','esse','1984-11-22 14:45:18','2019-02-25 14:54:38'),
('92','velit','2003-07-16 06:19:43','2013-06-07 22:58:58'),
('93','inventore','2005-01-11 12:36:24','1974-01-05 08:55:47'),
('94','repellat','1991-10-23 06:30:29','1988-01-20 05:12:04'),
('95','laudantium','1986-02-01 03:32:20','2000-12-24 07:09:35'),
('96','qui','1983-07-08 07:05:07','1973-05-15 14:19:57'),
('97','sapiente','1975-02-17 07:16:24','1986-06-29 01:47:58'),
('98','inventore','1972-11-20 09:35:15','2011-03-24 00:49:13'),
('99','incidunt','2018-06-21 11:31:33','2013-10-24 10:55:51'),
('100','mollitia','1985-04-11 07:38:59','1993-12-29 21:30:34'); 


DROP TABLE IF EXISTS `messages`;
CREATE TABLE `messages` (
  `id` bigint(20) unsigned NOT NULL AUTO_INCREMENT,
  `from_user_id` bigint(20) unsigned NOT NULL,
  `to_user_id` bigint(20) unsigned NOT NULL,
  `body` text COLLATE utf8_unicode_ci DEFAULT NULL,
  `created_at` datetime DEFAULT current_timestamp(),
  PRIMARY KEY (`id`),
  KEY `from_user_id` (`from_user_id`),
  KEY `to_user_id` (`to_user_id`),
  CONSTRAINT `messages_ibfk_1` FOREIGN KEY (`from_user_id`) REFERENCES `users` (`id`) ON DELETE CASCADE ON UPDATE CASCADE,
  CONSTRAINT `messages_ibfk_2` FOREIGN KEY (`to_user_id`) REFERENCES `users` (`id`) ON DELETE CASCADE ON UPDATE CASCADE
) ENGINE=InnoDB AUTO_INCREMENT=101 DEFAULT CHARSET=utf8 COLLATE=utf8_unicode_ci;

INSERT INTO `messages` VALUES ('1','1','1','Ipsam dolor eligendi nemo maiores eaque esse. Sunt quis delectus ipsam sint eum dicta. Pariatur eos voluptatem maiores libero architecto et ipsam. Dolor ab excepturi nisi aliquid.','1980-04-06 14:44:17'),
('2','2','2','Et est iure corrupti similique velit adipisci molestiae. Cum a nesciunt recusandae cupiditate. Quam nihil dolorem vero ea ullam ducimus. Voluptatum fuga sed excepturi.','1980-07-06 16:29:59'),
('3','3','3','Qui sapiente temporibus et rerum ut numquam. Sapiente harum id vel. Quis et possimus quae repudiandae eum veritatis.','2005-02-05 16:02:44'),
('4','4','4','Nam ipsum repudiandae ipsam doloribus. Magni eligendi enim pariatur ut nam. Et eos iste et ex veritatis aut.','1978-09-28 21:09:03'),
('5','5','5','Nam occaecati perspiciatis recusandae rem eligendi magni rerum. Consequatur aut velit consequatur est aut ducimus nihil ut. Quia consequatur eius expedita nobis. Quisquam eius fuga vel quam necessitatibus ducimus vel.','2019-08-26 00:31:58'),
('6','6','6','Repellendus aut in vel quos. Vero saepe neque repudiandae aut modi assumenda. Praesentium soluta deleniti officia autem iste. Quia rem soluta sed voluptatibus at placeat placeat.','1979-12-10 03:51:32'),
('7','7','7','Laboriosam repellendus exercitationem autem placeat. Velit earum totam et quos qui.','1972-08-18 20:25:16'),
('8','8','8','Vitae maxime tenetur aspernatur nisi. Perspiciatis a facilis necessitatibus voluptatibus impedit doloremque inventore.','1974-08-08 23:33:52'),
('9','9','9','Quia placeat voluptatem necessitatibus occaecati. Distinctio aut ducimus doloribus soluta. Autem rerum ducimus et repellendus nam omnis. Inventore animi alias dolores.','2009-05-06 00:26:28'),
('10','10','10','Possimus animi qui consequatur voluptates et dolor. Animi excepturi amet facilis qui temporibus. Sed soluta aperiam veritatis sapiente voluptatem quisquam. Sit veritatis temporibus non nemo ipsum perferendis voluptatum deserunt.','1989-10-06 05:26:11'),
('11','11','11','Tempora tempore ut explicabo magnam ut. Dolorum unde nulla id voluptate. Quo esse unde tenetur eaque quia dolor a. Et enim nesciunt debitis qui rem totam id.','2000-12-20 13:19:05'),
('12','12','12','Vel provident ea sunt ducimus. Quia et dolor libero delectus.','2020-11-03 22:07:34'),
('13','13','13','Quia et dolor excepturi et et aut quis. Ipsa nihil veritatis amet enim tempore temporibus ipsa. Magni animi blanditiis voluptatem. Blanditiis quis veniam dolorum dolores cumque ut.','2010-07-26 11:56:24'),
('14','14','14','Vel nihil cumque quia amet aliquam. Repellendus eum et id quia ducimus.','1981-09-10 04:03:47'),
('15','15','15','Animi voluptas totam totam aut ut esse dolores. Eos debitis voluptatibus a a quisquam quod fugit doloribus. Sequi voluptates enim enim inventore.','2019-12-09 17:56:19'),
('16','16','16','Et omnis et voluptatem ad eveniet aperiam placeat. Molestias dignissimos repudiandae et voluptatem. Voluptatibus quia dolorum corporis qui.','2005-06-01 10:05:30'),
('17','17','17','Perferendis a enim eaque quaerat nam. Aspernatur hic quae eveniet vero porro. Vitae quod iusto rerum aut assumenda.','1989-10-03 16:57:12'),
('18','18','18','Enim ut et enim consequatur voluptatem tempore. Cum omnis doloribus aut ea. Ullam quia libero sit.','1989-02-06 03:45:43'),
('19','19','19','Ut culpa consectetur autem quasi sint. Est et et amet dolores. Dolorum non adipisci quia doloremque. Commodi excepturi libero incidunt voluptas minima asperiores.','2009-03-14 11:55:39'),
('20','20','20','In qui autem perspiciatis ut ea inventore consequuntur voluptates. Odit earum voluptatem distinctio sit veritatis dolorem. Quasi commodi quia eius qui sit.','1994-09-26 06:18:53'),
('21','21','21','Temporibus nisi beatae quia unde. Magnam quisquam laudantium odio labore est sapiente.','2009-06-22 11:59:33'),
('22','22','22','Esse architecto et error officia. Saepe rerum dolor incidunt reprehenderit deleniti repellendus. Reiciendis ex eos mollitia accusamus quia nisi nobis. Veniam provident iure facilis voluptatem iusto.','2016-10-21 23:22:39'),
('23','23','23','Debitis iure omnis ipsam velit ad aut perferendis. Assumenda libero debitis tempore ut. Nulla maiores voluptatem deleniti sed maxime provident id.','2017-10-21 17:12:07'),
('24','24','24','Eos perspiciatis veritatis illum et doloremque repellendus. Ducimus culpa et doloribus voluptatem. Non qui ea aut quas.','2002-02-07 18:01:18'),
('25','25','25','Culpa mollitia rerum qui voluptatem molestias. Blanditiis dicta fugit qui quia et. Beatae qui est omnis necessitatibus. Error quo alias quia quo.','2014-09-09 07:30:51'),
('26','26','26','Accusamus magni eos eius dicta. Veniam ut sit eius illum omnis expedita eveniet. Unde tempora quia nemo vitae qui ipsam ut.','1978-07-03 06:55:40'),
('27','27','27','Eveniet cum maxime commodi architecto facilis et libero. Inventore nam est culpa ipsam praesentium aperiam. Itaque voluptatem vero voluptatem. Temporibus recusandae minima eum reprehenderit. Sit natus qui asperiores amet et voluptatem asperiores alias.','1993-12-11 11:01:11'),
('28','28','28','Id distinctio voluptate et expedita inventore. Sit distinctio ut enim illo harum laboriosam. Doloribus atque tempore qui voluptate explicabo.','1970-06-26 22:22:24'),
('29','29','29','Consequatur dolorum blanditiis sed aliquam explicabo. Laboriosam ut accusantium unde nihil. Inventore est explicabo non saepe.','1998-04-17 11:53:26'),
('30','30','30','Nostrum in tempora facere aperiam vel autem. Repellendus quis hic quis voluptatibus consequatur iusto. Alias et odio odit.','1991-08-04 10:33:45'),
('31','31','31','Sed consectetur ratione sint omnis. Nihil iste consequuntur ea dicta voluptatum amet. Est quia voluptatem est omnis.','1976-12-30 14:20:03'),
('32','32','32','Dolorum cupiditate est libero non. Perspiciatis non ratione qui sint accusantium. Neque ut suscipit et dolorum aut alias.','2016-04-23 08:40:38'),
('33','33','33','Rerum sit rerum aliquid quisquam neque reiciendis ut. Accusamus totam nihil illo deserunt rerum aut totam. Voluptate saepe dicta qui ea. Dolorem quia voluptate minus. Impedit totam et ab voluptatem.','1998-09-06 09:02:41'),
('34','34','34','Non itaque dignissimos aut. Id reiciendis cumque reiciendis nam porro repudiandae ipsa quis. Est minima assumenda est illum.','2005-01-16 23:50:02'),
('35','35','35','Et qui doloribus eveniet et voluptate ducimus. Velit enim dolore dolor. Est adipisci culpa quo aut. Aut eaque est quia quas velit et.','1980-12-05 01:02:38'),
('36','36','36','Tenetur cum sequi id fugiat. Delectus pariatur porro quos omnis in. Tenetur ipsum saepe non voluptas porro.','1984-02-24 05:38:41'),
('37','37','37','Amet sit iusto ut. Iure eveniet dolore voluptatem impedit adipisci. Velit voluptatem impedit ut et id. Ea nisi ad quia dolor animi cupiditate expedita.','1981-10-21 10:17:07'),
('38','38','38','Est ad voluptatibus sed ut. Nostrum dicta sit molestiae velit vitae. Iure hic nihil voluptas quo molestiae atque. Sapiente tenetur eos libero deleniti tempora.','2007-10-10 04:47:58'),
('39','39','39','Dolorem sequi autem suscipit et quo ut. Similique eveniet exercitationem vitae fugiat occaecati. Velit omnis maxime perferendis autem praesentium velit. Eaque corporis voluptate voluptatem atque voluptatem esse sapiente sint. Est qui qui aut aut.','1984-04-09 02:59:30'),
('40','40','40','Quisquam dolore sunt sunt beatae ut aperiam quibusdam. Ullam architecto perferendis rerum molestiae et dolorem. Eum saepe aliquam dolores. Expedita ut dolor velit architecto aliquam officia quis.','2003-04-02 00:45:29'),
('41','41','41','Harum alias quia accusantium et. Rerum iusto et quo nam quibusdam sed. Repellat vitae sed qui quaerat.','2018-03-31 11:45:57'),
('42','42','42','Cumque aspernatur sed cumque voluptatem hic hic veniam est. Culpa vero excepturi aut dolor vel quia voluptates recusandae. Esse repudiandae ipsam sed consectetur et.','1972-02-21 10:54:35'),
('43','43','43','Ut dolorem blanditiis iusto ut. Incidunt dolor reprehenderit praesentium consectetur accusamus rem molestias. Quae cupiditate sit molestiae consequatur dolor. Labore aperiam culpa explicabo aperiam autem ipsum. Eveniet omnis molestiae dolores ducimus dolores nostrum.','1995-01-09 13:20:02'),
('44','44','44','Dicta et voluptas deleniti. Et cupiditate voluptates accusamus molestias. Qui quia laboriosam voluptatem aut. Minus quia aut hic illum quisquam iste doloremque.','2013-02-21 20:22:42'),
('45','45','45','Molestiae qui quibusdam doloremque consequuntur ex. Voluptatum ea culpa modi mollitia quia quibusdam. Velit impedit quas exercitationem non qui quia officia veritatis. Excepturi possimus dolorem optio laudantium est natus quisquam inventore.','2006-05-06 18:53:22'),
('46','46','46','Vero rerum laudantium rerum nemo. Nihil cumque enim voluptatibus est sapiente est dolores.','2016-06-22 16:05:00'),
('47','47','47','Voluptatem velit voluptatibus qui quos necessitatibus laudantium distinctio. Dolores modi aspernatur aut delectus. Veritatis id ut eum dolores necessitatibus deleniti. Voluptatem autem dolores voluptatem quo deserunt illo.','1998-10-27 12:05:39'),
('48','48','48','Et aut voluptatum laudantium tempora fugiat nemo delectus. Corrupti minus at et vel. Aliquid cupiditate ut sint asperiores aut.','1970-05-31 18:55:30'),
('49','49','49','Accusamus temporibus magni labore molestiae labore dignissimos. Distinctio numquam ut ut omnis. Et deleniti sit qui modi odio quas nulla.','1989-05-19 17:25:24'),
('50','50','50','Itaque cupiditate voluptatibus dolorem impedit ex. Amet dolorum est debitis facilis tempore officia. Fugit nostrum asperiores atque quia eum.','2004-04-05 15:19:00'),
('51','51','51','Esse et temporibus officia quisquam quae et. Magnam incidunt est odio est. Eveniet molestias inventore qui animi perspiciatis.','1993-03-27 15:12:07'),
('52','52','52','Sit aut laudantium id omnis quae. Aliquid enim neque molestiae qui non voluptatem qui. Autem ipsa omnis eveniet voluptas eum et possimus. Perspiciatis pariatur id hic tempora autem doloremque molestiae ipsa.','1987-10-12 23:50:10'),
('53','53','53','Dolorum dolorem omnis dolor qui aut consectetur. Autem dolor cumque adipisci voluptates. Blanditiis temporibus et quia labore sint dignissimos facere omnis.','1970-02-20 08:58:44'),
('54','54','54','Sapiente voluptatem eligendi sint voluptatem necessitatibus optio rerum. Repellendus maiores incidunt quia et. Velit ut optio aliquid sapiente nulla modi.','1973-04-04 14:46:57'),
('55','55','55','Omnis qui omnis nihil labore autem. Officia alias laborum hic odio eum rerum delectus. Pariatur distinctio tempore officiis dolor aperiam aliquid. Totam quaerat error odit distinctio vero reiciendis pariatur.','1995-12-24 23:04:39'),
('56','56','56','Quo soluta rem nemo aliquam tenetur. Ea est tempora deserunt est nihil nihil ullam. Hic porro qui assumenda omnis sint non.','1982-03-02 01:16:27'),
('57','57','57','Excepturi facere impedit dolor illo. Natus rerum repudiandae occaecati id adipisci similique occaecati. Praesentium aspernatur ducimus et et doloribus doloribus. Recusandae dolor debitis qui magnam et et.','2004-07-18 09:49:14'),
('58','58','58','Quidem repellendus error soluta aperiam excepturi officiis rerum. Modi voluptatibus rerum cum. Totam maiores iure voluptas. Doloremque modi est qui nesciunt omnis.','1973-10-15 01:20:49'),
('59','59','59','Nostrum quidem consequatur iure. Aut odio quae dolorem ab totam non. Excepturi cumque dolorem quia asperiores.','1987-11-17 08:25:12'),
('60','60','60','Non laudantium consequatur sit impedit aut ad. Laboriosam quia ullam cumque enim. Illo laboriosam pariatur saepe sunt aut.','2018-08-05 23:32:49'),
('61','61','61','Cupiditate quis aut eos placeat laboriosam veritatis incidunt ut. Alias placeat iusto sequi. Laudantium hic suscipit unde quia et odit. Odio consequatur aliquam rem error ratione vel. Quos neque ex harum modi dolor ipsum.','2009-07-19 19:38:56'),
('62','62','62','Aperiam consectetur aperiam explicabo consequatur quod amet. Expedita accusantium quas fugit. Omnis in est asperiores hic numquam. Dolorum sint quis illum sunt.','1980-02-14 19:43:32'),
('63','63','63','Laborum quis iure et in. Nobis nemo sint omnis est. Consequatur temporibus omnis nesciunt nobis et aut et nihil. Iure dolor blanditiis voluptatibus fuga pariatur tempore.','1993-06-09 10:51:24'),
('64','64','64','Quia officia recusandae recusandae qui asperiores. Qui animi sunt exercitationem pariatur nobis atque molestiae architecto. Optio doloribus enim molestiae illum non animi minima.','1978-05-24 04:07:51'),
('65','65','65','Voluptas laboriosam culpa ut laudantium minus voluptas qui. Quod voluptatem similique consequuntur voluptates reprehenderit. Repellendus eveniet ratione dolor totam.','1984-12-16 20:07:44'),
('66','66','66','Veritatis dolorem labore consectetur neque saepe. Maiores aut officiis similique enim. Dolores aliquam molestiae in aliquid repellendus est aut.','2008-11-10 07:07:35'),
('67','67','67','Quo accusamus incidunt et. Totam sed facere doloremque temporibus dignissimos explicabo. Necessitatibus quae et mollitia.','1994-08-22 04:43:27'),
('68','68','68','Doloremque asperiores dolorem voluptatum reprehenderit autem et modi. Rem ut laudantium voluptas repellat assumenda. Earum quia ea est saepe qui atque. Hic natus aut illum perspiciatis aliquam saepe.','1992-12-02 07:51:58'),
('69','69','69','Sequi rerum tenetur ducimus dolores fugit doloribus recusandae. Id quaerat nisi in provident ratione neque id. Consequatur est incidunt asperiores. Nihil nulla animi repellendus consequatur.','2000-12-29 05:29:50'),
('70','70','70','Ut quo officiis ducimus possimus corporis harum non. Repudiandae error sequi cumque officiis rerum.','2011-12-03 08:19:51'),
('71','71','71','Rem corporis fugit molestiae eius soluta consequatur. Eligendi recusandae eius accusantium aut a neque voluptas. Sed modi ipsa perspiciatis accusantium voluptas. Eos est assumenda id itaque sit soluta ex.','1982-09-30 23:07:47'),
('72','72','72','Soluta expedita molestias consequatur asperiores et sapiente fugiat. Ut sit ullam minima voluptas eaque. Explicabo nulla officiis voluptatem molestiae.','1991-03-24 01:51:37'),
('73','73','73','Omnis quia rerum sapiente sint animi. Maiores sit corrupti nihil. Inventore excepturi ratione corrupti dolorum doloremque. Aut iste molestias a et.','2013-02-25 18:49:26'),
('74','74','74','Maiores in accusantium velit at neque tempore architecto nihil. Qui laborum modi mollitia enim.','1977-05-22 02:09:44'),
('75','75','75','Consequuntur fuga qui veritatis hic. Quam ex ipsa est ratione quam numquam. Atque non quibusdam et porro pariatur tenetur totam.','1992-12-07 18:34:56'),
('76','76','76','Praesentium omnis alias porro quos. Minus ab eos culpa voluptatem. Quae voluptatem non enim autem ea velit occaecati. Dicta amet distinctio dolorum molestiae.','1979-12-25 00:20:42'),
('77','77','77','Quaerat et accusamus et nisi cupiditate. Cum enim temporibus perspiciatis. Officia nemo reiciendis unde enim laborum quia. Nihil nihil laudantium assumenda quaerat vel. Corporis est excepturi eum totam corrupti officiis ut.','2000-04-01 20:54:11'),
('78','78','78','Est architecto odio perferendis quo aut ad. Nam excepturi quasi animi quis et corporis. Quis at necessitatibus minus. Deleniti alias iste fugit ab aut excepturi.','1993-06-04 06:33:47'),
('79','79','79','Eius dolore ex quo distinctio sed. Aspernatur quam voluptatibus aut aut odit.','1976-02-05 03:46:59'),
('80','80','80','Cumque est et aperiam ipsum est exercitationem reprehenderit labore. Culpa rerum earum quos ad pariatur voluptatem omnis. Consectetur aspernatur sit voluptates debitis ab voluptatum iusto. Amet eius voluptatum nobis dicta recusandae totam.','2008-06-04 11:56:28'),
('81','81','81','Doloremque maxime doloremque eligendi laboriosam et laboriosam. Rerum et vero quibusdam totam laborum aliquam. In quis ad odio molestias quis. Qui ipsa nesciunt explicabo totam aspernatur ut.','2006-02-14 00:30:22'),
('82','82','82','Deserunt voluptas hic ut. Est officiis facilis quo molestiae deleniti id. Eum rerum non qui.','1975-06-09 19:49:34'),
('83','83','83','Veritatis dolorum earum eos eaque qui. Temporibus ut consequatur officia qui. Deserunt temporibus minus consequatur molestiae. Minima eius eligendi omnis. Aspernatur quia non ea facilis harum impedit.','1987-12-10 20:16:54'),
('84','84','84','Laborum neque eius dicta dolor tenetur ut est. Quos molestiae ab consectetur qui. Ut est ullam et. Corporis deleniti distinctio laboriosam ullam nemo.','1972-10-19 10:49:48'),
('85','85','85','Natus commodi quibusdam voluptatem id. Sit eos animi quia autem praesentium omnis ipsa. Aut iusto voluptatem sunt ut modi.','1978-02-06 14:42:52'),
('86','86','86','Consequatur et et quas consequatur dolor. Nihil similique ad id nam ut fuga. Illum saepe eius nesciunt alias qui ducimus adipisci. Et non qui dolores est.','2006-12-14 02:16:36'),
('87','87','87','Dignissimos sit et iste minima. Velit et rem sequi ut nulla laudantium in. Accusantium id est velit vitae. Est aut natus perferendis ipsa quia. Aut magnam doloribus nihil sunt delectus.','1975-11-03 05:30:30'),
('88','88','88','Autem ut a voluptas iure. Porro qui sint voluptatem consequatur repudiandae error. Voluptatem placeat voluptatem est numquam ut sit voluptas. Aliquam qui qui ex culpa.','2019-02-13 01:43:10'),
('89','89','89','Ut et deserunt unde et qui harum esse. Nostrum aut sit incidunt eum id. Minima facere autem ab nobis aut maxime modi. Odit nihil perspiciatis quam incidunt numquam. Voluptatem sed corrupti cumque sint.','2012-03-03 09:44:41'),
('90','90','90','Natus iure nam omnis odio sed odio quia. Vel quisquam sunt assumenda saepe similique ipsam voluptate quas. Et quia dignissimos est alias et.','2020-11-19 02:16:01'),
('91','91','91','Culpa velit harum quos est ipsum. Ut consequatur veritatis vel quisquam repellendus est vero. Debitis veniam in expedita qui dolorum enim esse voluptas.','2014-10-24 01:59:36'),
('92','92','92','Eum ad natus et soluta laboriosam et. Tenetur quibusdam a nesciunt reiciendis. Officia ratione commodi consequatur doloribus aliquam at velit.','2014-03-06 03:34:55'),
('93','93','93','Est quisquam aperiam numquam architecto doloremque aut. Quo voluptas odio eos pariatur labore cum ipsum. Qui repellendus quidem repellendus et expedita nihil.','1984-10-28 03:17:02'),
('94','94','94','Quaerat sunt libero porro illo. Corporis quis et autem ea voluptatum rem. Voluptatibus facere dignissimos molestiae. Dolor dolor quod quo voluptas debitis quam quidem.','1970-01-21 16:20:32'),
('95','95','95','Occaecati non et molestias rerum dolorem porro. Minus saepe voluptatibus earum voluptates sed ea. Id dolorem qui omnis qui debitis dolore ut. Reiciendis ut nostrum est quis.','1978-10-03 10:42:19'),
('96','96','96','Quos sapiente odio ut. Error error explicabo ut atque dolores. Quod vitae rem soluta architecto voluptatem unde recusandae.','1995-09-06 22:46:54'),
('97','97','97','Qui autem voluptatem totam ea dolorem aut voluptate. Optio ut perspiciatis sunt voluptate voluptas minima quia. Dolorem repellat ut doloribus. Corporis eius sunt possimus omnis ad.','1991-03-24 21:03:00'),
('98','98','98','Vel consequatur ut vitae. Ut sunt architecto modi unde repellat sit ut. Dolores est quasi similique voluptas qui consectetur saepe. Omnis sunt dolorem quis voluptatem.','2002-09-16 04:29:47'),
('99','99','99','Deleniti placeat eos id sint minus corrupti. Voluptas et molestias error atque fugiat. Necessitatibus exercitationem reiciendis aut quaerat earum. Ducimus et ut aut voluptatibus.','1979-07-01 20:46:33'),
('100','100','100','Porro aut voluptatem sit voluptatem. Eum culpa qui nemo et molestias sed facilis.','2021-05-05 06:39:37'); 


DROP TABLE IF EXISTS `photo_albums`;
CREATE TABLE `photo_albums` (
  `id` bigint(20) unsigned NOT NULL AUTO_INCREMENT,
  `name` varchar(255) COLLATE utf8_unicode_ci DEFAULT NULL,
  `user_id` bigint(20) unsigned DEFAULT NULL,
  PRIMARY KEY (`id`),
  UNIQUE KEY `id` (`id`),
  KEY `user_id` (`user_id`),
  CONSTRAINT `photo_albums_ibfk_1` FOREIGN KEY (`user_id`) REFERENCES `users` (`id`) ON DELETE SET NULL ON UPDATE CASCADE
) ENGINE=InnoDB AUTO_INCREMENT=101 DEFAULT CHARSET=utf8 COLLATE=utf8_unicode_ci;

INSERT INTO `photo_albums` VALUES ('1','incidunt','1'),
('2','et','2'),
('3','quidem','3'),
('4','numquam','4'),
('5','quos','5'),
('6','aliquam','6'),
('7','voluptatem','7'),
('8','cupiditate','8'),
('9','quibusdam','9'),
('10','voluptas','10'),
('11','nesciunt','11'),
('12','maxime','12'),
('13','nisi','13'),
('14','blanditiis','14'),
('15','vel','15'),
('16','harum','16'),
('17','voluptas','17'),
('18','aut','18'),
('19','omnis','19'),
('20','minima','20'),
('21','est','21'),
('22','omnis','22'),
('23','corporis','23'),
('24','iure','24'),
('25','laboriosam','25'),
('26','et','26'),
('27','rem','27'),
('28','aperiam','28'),
('29','corrupti','29'),
('30','est','30'),
('31','ut','31'),
('32','dolorem','32'),
('33','eius','33'),
('34','iusto','34'),
('35','rerum','35'),
('36','nisi','36'),
('37','facilis','37'),
('38','omnis','38'),
('39','doloremque','39'),
('40','possimus','40'),
('41','animi','41'),
('42','quisquam','42'),
('43','sunt','43'),
('44','ut','44'),
('45','quidem','45'),
('46','distinctio','46'),
('47','velit','47'),
('48','voluptatem','48'),
('49','iusto','49'),
('50','repudiandae','50'),
('51','est','51'),
('52','repellendus','52'),
('53','ea','53'),
('54','asperiores','54'),
('55','commodi','55'),
('56','repellat','56'),
('57','porro','57'),
('58','delectus','58'),
('59','consectetur','59'),
('60','quasi','60'),
('61','reiciendis','61'),
('62','distinctio','62'),
('63','quo','63'),
('64','ea','64'),
('65','dolorem','65'),
('66','dolorem','66'),
('67','dolore','67'),
('68','et','68'),
('69','necessitatibus','69'),
('70','incidunt','70'),
('71','sunt','71'),
('72','quia','72'),
('73','vitae','73'),
('74','consequatur','74'),
('75','quisquam','75'),
('76','non','76'),
('77','repudiandae','77'),
('78','nemo','78'),
('79','qui','79'),
('80','commodi','80'),
('81','totam','81'),
('82','eum','82'),
('83','consequuntur','83'),
('84','at','84'),
('85','tempore','85'),
('86','consequatur','86'),
('87','atque','87'),
('88','voluptates','88'),
('89','ut','89'),
('90','placeat','90'),
('91','perspiciatis','91'),
('92','aspernatur','92'),
('93','natus','93'),
('94','deleniti','94'),
('95','dolor','95'),
('96','voluptatibus','96'),
('97','voluptatem','97'),
('98','facere','98'),
('99','distinctio','99'),
('100','sunt','100'); 


DROP TABLE IF EXISTS `photos`;
CREATE TABLE `photos` (
  `id` bigint(20) unsigned NOT NULL AUTO_INCREMENT,
  `album_id` bigint(20) unsigned NOT NULL,
  `media_id` bigint(20) unsigned NOT NULL,
  PRIMARY KEY (`id`),
  KEY `album_id` (`album_id`),
  KEY `media_id` (`media_id`),
  CONSTRAINT `photos_ibfk_1` FOREIGN KEY (`album_id`) REFERENCES `photo_albums` (`id`) ON DELETE CASCADE ON UPDATE CASCADE,
  CONSTRAINT `photos_ibfk_2` FOREIGN KEY (`media_id`) REFERENCES `media` (`id`) ON DELETE CASCADE ON UPDATE CASCADE
) ENGINE=InnoDB AUTO_INCREMENT=101 DEFAULT CHARSET=utf8 COLLATE=utf8_unicode_ci;

INSERT INTO `photos` VALUES ('1','1','1'),
('2','2','2'),
('3','3','3'),
('4','4','4'),
('5','5','5'),
('6','6','6'),
('7','7','7'),
('8','8','8'),
('9','9','9'),
('10','10','10'),
('11','11','11'),
('12','12','12'),
('13','13','13'),
('14','14','14'),
('15','15','15'),
('16','16','16'),
('17','17','17'),
('18','18','18'),
('19','19','19'),
('20','20','20'),
('21','21','21'),
('22','22','22'),
('23','23','23'),
('24','24','24'),
('25','25','25'),
('26','26','26'),
('27','27','27'),
('28','28','28'),
('29','29','29'),
('30','30','30'),
('31','31','31'),
('32','32','32'),
('33','33','33'),
('34','34','34'),
('35','35','35'),
('36','36','36'),
('37','37','37'),
('38','38','38'),
('39','39','39'),
('40','40','40'),
('41','41','41'),
('42','42','42'),
('43','43','43'),
('44','44','44'),
('45','45','45'),
('46','46','46'),
('47','47','47'),
('48','48','48'),
('49','49','49'),
('50','50','50'),
('51','51','51'),
('52','52','52'),
('53','53','53'),
('54','54','54'),
('55','55','55'),
('56','56','56'),
('57','57','57'),
('58','58','58'),
('59','59','59'),
('60','60','60'),
('61','61','61'),
('62','62','62'),
('63','63','63'),
('64','64','64'),
('65','65','65'),
('66','66','66'),
('67','67','67'),
('68','68','68'),
('69','69','69'),
('70','70','70'),
('71','71','71'),
('72','72','72'),
('73','73','73'),
('74','74','74'),
('75','75','75'),
('76','76','76'),
('77','77','77'),
('78','78','78'),
('79','79','79'),
('80','80','80'),
('81','81','81'),
('82','82','82'),
('83','83','83'),
('84','84','84'),
('85','85','85'),
('86','86','86'),
('87','87','87'),
('88','88','88'),
('89','89','89'),
('90','90','90'),
('91','91','91'),
('92','92','92'),
('93','93','93'),
('94','94','94'),
('95','95','95'),
('96','96','96'),
('97','97','97'),
('98','98','98'),
('99','99','99'),
('100','100','100'); 


DROP TABLE IF EXISTS `profiles`;
CREATE TABLE `profiles` (
  `user_id` bigint(20) unsigned NOT NULL AUTO_INCREMENT,
  `gender` char(1) COLLATE utf8_unicode_ci DEFAULT NULL,
  `birthday` date DEFAULT NULL,
  `photo_id` bigint(20) unsigned DEFAULT NULL,
  `created_at` datetime DEFAULT current_timestamp(),
  `hometown` varchar(100) COLLATE utf8_unicode_ci DEFAULT NULL,
  PRIMARY KEY (`user_id`),
  KEY `fk_photo_id` (`photo_id`),
  CONSTRAINT `fk_photo_id` FOREIGN KEY (`photo_id`) REFERENCES `photos` (`id`) ON DELETE SET NULL ON UPDATE CASCADE,
  CONSTRAINT `fk_user_id` FOREIGN KEY (`user_id`) REFERENCES `users` (`id`) ON DELETE CASCADE ON UPDATE CASCADE
) ENGINE=InnoDB AUTO_INCREMENT=101 DEFAULT CHARSET=utf8 COLLATE=utf8_unicode_ci;

INSERT INTO `profiles` VALUES 
('1','f','1998-02-15','1','1978-11-26 06:57:11',NULL),
('2','m','1975-02-27','2','2007-09-11 05:49:14',NULL),
('3','m','1977-03-13','3','2008-11-26 23:27:36',NULL),
('4','m','1975-11-16','4','1986-05-01 23:41:54',NULL),
('5','n','1980-10-08','5','1989-05-03 02:32:32',NULL),
('6','f','1978-12-15','6','1974-11-18 16:21:39',NULL),
('7','f','1986-12-21','7','2019-11-29 16:45:42',NULL),
('8','f','1975-04-20','8','2014-11-29 19:12:25',NULL),
('9','f','2009-07-14','9','2002-01-09 12:37:24',NULL),
('10','f','1995-12-30','10','1973-12-06 23:40:36',NULL),
('11','f','1976-01-26','11','2004-11-17 10:49:35',NULL),
('12','m','1985-07-18','12','1981-08-11 16:45:28',NULL),
('13','m','2016-07-15','13','2010-06-28 19:30:43',NULL),
('14','m','1976-07-06','14','1982-04-27 13:10:24',NULL),
('15','m','1994-01-11','15','1981-09-23 14:01:52',NULL),
('16','m','1981-05-16','16','1970-11-03 01:45:19',NULL),
('17','m','1975-12-27','17','2003-06-12 14:19:09',NULL),
('18','f','2016-10-07','18','2005-12-31 22:31:48',NULL),
('19','f','2005-10-30','19','2007-10-15 19:35:59',NULL),
('20','f','2002-12-07','20','1974-12-29 17:42:46',NULL),
('21','f','2007-07-17','21','1996-03-10 17:23:43',NULL),
('22','m','2019-10-13','22','2010-09-07 09:32:17',NULL),
('23','m','1992-02-08','23','1997-12-17 16:49:14',NULL),
('24','m','1983-02-26','24','2019-12-16 12:40:43',NULL),
('25','m','2010-04-26','25','2004-07-06 19:32:33',NULL),
('26','f','2010-08-03','26','2001-05-27 21:44:40',NULL),
('27','f','2004-10-02','27','2013-06-06 09:06:14',NULL),
('28','m','2017-03-30','28','2007-01-29 17:20:49',NULL),
('29','f','2019-02-11','29','1999-11-02 07:17:51',NULL),
('30','f','2002-04-28','30','2020-10-09 11:30:08',NULL),
('31','m','2019-03-29','31','1974-02-10 05:24:45',NULL),
('32','m','2002-09-28','32','1997-07-13 19:38:01',NULL),
('33','f','2011-06-02','33','2006-12-29 17:12:16',NULL),
('34','m','1979-10-23','34','1987-05-04 18:50:10',NULL),
('35','f','1996-11-05','35','2017-03-13 00:06:37',NULL),
('36','f','1970-10-13','36','1981-12-16 13:36:08',NULL),
('37','m','2000-12-11','37','1981-03-16 15:46:14',NULL),
('38','f','1990-01-02','38','1981-12-18 18:34:14',NULL),
('39','m','2011-09-18','39','2017-05-03 11:30:21',NULL),
('40','m','2014-08-16','40','1970-10-27 02:09:27',NULL),
('41','m','1991-02-06','41','1975-10-05 14:25:26',NULL),
('42','m','2009-04-29','42','2014-10-18 22:42:14',NULL),
('43','m','1974-12-16','43','2017-12-16 15:27:01',NULL),
('44','f','1976-02-05','44','2006-04-08 13:42:24',NULL),
('45','f','2004-11-27','45','2001-06-26 05:19:47',NULL),
('46','m','1996-05-15','46','2016-02-13 08:19:28',NULL),
('47','f','1980-01-04','47','1995-04-03 23:53:58',NULL),
('48','m','1971-09-20','48','2005-02-10 13:55:43',NULL),
('49','f','2001-03-25','49','1995-05-22 16:07:25',NULL),
('50','m','1979-12-11','50','1981-10-18 11:23:50',NULL),
('51','f','2003-12-06','51','2018-07-01 07:35:37',NULL),
('52','m','1971-03-28','52','2003-12-20 06:50:58',NULL),
('53','f','2018-04-15','53','1991-09-25 19:51:27',NULL),
('54','f','2004-06-18','54','2020-03-25 22:48:30',NULL),
('55','m','1986-03-09','55','2004-05-06 01:18:49',NULL),
('56','f','1975-12-24','56','1992-10-28 19:13:12',NULL),
('57','m','1996-03-14','57','2006-12-06 15:21:24',NULL),
('58','f','1988-08-17','58','2000-08-24 13:32:50',NULL),
('59','f','2015-05-14','59','1978-01-13 13:40:51',NULL),
('60','f','1989-12-29','60','1999-07-22 12:31:30',NULL),
('61','f','2014-11-18','61','1987-06-25 05:29:50',NULL),
('62','f','2020-08-02','62','2011-06-13 17:25:25',NULL),
('63','m','2020-09-29','63','1991-07-15 02:30:48',NULL),
('64','m','1995-04-28','64','1985-02-28 20:49:00',NULL),
('65','m','1973-03-16','65','2013-03-07 10:16:46',NULL),
('66','f','1990-02-14','66','1990-06-18 18:47:28',NULL),
('67','f','2020-06-11','67','1971-01-09 09:23:06',NULL),
('68','m','1973-02-23','68','1994-04-05 16:52:23',NULL),
('69','f','2002-07-01','69','1995-07-18 20:53:48',NULL),
('70','m','2000-11-27','70','1977-10-07 19:59:53',NULL),
('71','f','2017-11-20','71','1996-06-17 03:01:45',NULL),
('72','m','1987-07-24','72','1993-06-26 17:19:15',NULL),
('73','f','1986-07-28','73','2001-08-17 01:46:15',NULL),
('74','m','1999-04-05','74','2013-04-30 04:41:35',NULL),
('75','f','1998-01-22','75','1984-03-12 17:06:51',NULL),
('76','m','1991-05-20','76','1999-10-20 01:14:04',NULL),
('77','f','2001-06-03','77','1976-02-11 07:08:30',NULL),
('78','f','2016-09-04','78','2001-04-17 09:04:32',NULL),
('79','m','1977-06-03','79','1999-02-12 08:45:38',NULL),
('80','f','2013-12-14','80','2018-08-14 09:25:47',NULL),
('81','m','2019-11-19','81','1990-01-30 09:33:27',NULL),
('82','f','1997-02-24','82','2020-08-11 14:20:44',NULL),
('83','f','2016-08-18','83','1981-12-02 23:19:14',NULL),
('84','m','2001-01-26','84','1995-05-13 10:26:16',NULL),
('85','f','2014-06-12','85','1983-08-11 09:23:02',NULL),
('86','m','2004-02-14','86','1985-12-05 13:41:14',NULL),
('87','f','2003-06-04','87','1994-06-02 16:31:41',NULL),
('88','m','1987-10-17','88','1983-10-04 16:58:16',NULL),
('89','f','1971-09-21','89','2020-09-30 11:24:42',NULL),
('90','f','1977-08-10','90','2014-05-11 21:51:19',NULL),
('91','m','1982-12-29','91','1997-02-13 10:56:11',NULL),
('92','f','2003-01-16','92','2002-06-18 21:10:16',NULL),
('93','m','1975-07-29','93','2007-11-01 23:09:35',NULL),
('94','f','2001-02-24','94','1997-07-04 13:32:45',NULL),
('95','f','1970-10-20','95','2017-02-07 03:30:32',NULL),
('96','m','2016-03-31','96','1980-01-19 12:58:48',NULL),
('97','f','1985-02-19','97','2000-04-08 18:46:06',NULL),
('98','m','2009-05-19','98','1992-11-02 05:36:16',NULL),
('99','f','2017-08-07','99','1993-03-27 19:19:50',NULL),
('100','m','2011-03-03','100','1994-12-17 11:55:41',NULL); 


DROP TABLE IF EXISTS `users`;
CREATE TABLE `users` (
  `id` bigint(20) unsigned NOT NULL AUTO_INCREMENT,
  `firstname` varchar(100) COLLATE utf8_unicode_ci DEFAULT NULL,
  `lastname` varchar(100) COLLATE utf8_unicode_ci DEFAULT NULL COMMENT 'Р¤Р°РјРёР»РёСЏ',
  `email` varchar(100) COLLATE utf8_unicode_ci DEFAULT NULL,
  `password_hash` varchar(100) COLLATE utf8_unicode_ci DEFAULT NULL,
  `phone` bigint(20) DEFAULT NULL,
  `is_deleted` bit(1) DEFAULT b'0',
  PRIMARY KEY (`id`),
  UNIQUE KEY `email` (`email`),
  KEY `users_firstname_lastname_idx` (`firstname`,`lastname`)
) ENGINE=InnoDB AUTO_INCREMENT=101 DEFAULT CHARSET=utf8 COLLATE=utf8_unicode_ci;

INSERT INTO `users` VALUES ('1','Adele','Cassin','jon.emard@example.com','ccbbb9c61196a0faa63ad1093002208135eae557','310','0'),
('2','Wyatt','Monahan','luther72@example.org','11c531835f72a05b9641a6e7c8e931f24374c5da','0','0'),
('3','Emmitt','Hirthe','alva99@example.com','36e255a942c534c562b165d8cd120415358a2848','1','1'),
('4','Annabel','Reynolds','oma80@example.com','5a8030820d971401294d66def0c40a39d8d6d110','199','0'),
('5','Tremaine','Wilkinson','melvin38@example.com','27419b1b842e5a2eea4725c0dd14aaf914f467f3','831796','0'),
('6','Cruz','Predovic','gibson.corrine@example.com','b9137a3983c3d37e159b163397eef242a9efefb3','400','0'),
('7','Jada','Wunsch','rlebsack@example.org','4eaf695d61523ed41bb7f4901872d91680fb4862','0','0'),
('8','Jennyfer','Simonis','hailey.reichel@example.com','b02889eaa7ba5777b10bc2aa1eacc0041cea5a2a','0','0'),
('9','Theodore','Kulas','glarkin@example.net','01d266a2fc925006112f7941b327671a8b51b880','1','0'),
('10','Lorena','Sauer','perdman@example.net','c22d8351e1961d8ea22e24c122372432e42607bb','242276','0'),
('11','Glen','Jones','rose28@example.com','6147481b0a7f5e5ceca227bc5727df0bb00ae234','394','0'),
('12','Ashly','Rowe','kiara37@example.com','35e8e5dd2429e7e702b26ffb5ed9d7931f0dffe8','438','0'),
('13','Cedrick','Rosenbaum','orn.santiago@example.org','4f86a74cf8682021552da793ab3634c12803660d','1','1'),
('14','Odie','Schmidt','dicki.jamel@example.net','b9c748ef9dd0114a448fe417e2749f94761f1dcf','1','0'),
('15','Lonie','Beier','ethan67@example.com','26f611c3122af38391f6c795ab1fe74b081a2584','503723','0'),
('16','Francesca','Nienow','cesar.gusikowski@example.com','1c0754eaae3868bddf615d48b2ff5ffd4f17502d','370','1'),
('17','Renee','Gaylord','reymundo.padberg@example.org','04ba44e584eec5fd33b5f7843b5bbad91d8938fc','0','1'),
('18','Roberta','Cruickshank','block.kellie@example.org','eb9c827bf09fdbeb6a124881487009226f144e38','0','0'),
('19','Elroy','Pfannerstill','jessica.kessler@example.net','1c699c4dac3818a66bb6e4af8c92b52443d2593b','597','0'),
('20','Jared','Feil','darby19@example.net','a037ea7d3893be27dc812eb232f21e23f4c7b055','892','0'),
('21','Jody','Kessler','audie.walsh@example.org','e110ab5b8a3436a826002ed3789ef20e1d367220','632572','0'),
('22','Gerda','Berge','russ.hodkiewicz@example.org','9e50bb621dc0a1f662536727faef32af840ce772','4547130022','1'),
('23','Bertram','Smith','maximillian.o\'reilly@example.net','08364c4c5c76ce866aa1b0527fc5de76cce179c1','0','1'),
('24','Virginie','Bechtelar','emaggio@example.org','b7dc1b129333331472963e18c1a8766043a63b18','230767','1'),
('25','Karina','Nitzsche','tyra.fritsch@example.net','1199949d918e8d29d5e9f490c736872b5e060067','1','0'),
('26','Shannon','Zemlak','vernie50@example.org','48d0d982cbbd3a89b322010ca4340698caa52c5b','63','0'),
('27','Madison','Sanford','lockman.brendon@example.net','c5355a3bd396d0401fd4c8c009bc1ba0562b3c43','0','1'),
('28','Stephanie','Reichel','alberta31@example.org','cf8bfffaa7a7310c5add8270e4a87572f260b1d1','76','1'),
('29','Chelsea','Turcotte','brandt.koepp@example.org','6a5d53ae82aa70793b75a36f2a3333c6660edfb3','8112294522','1'),
('30','Anibal','Quigley','bogisich.jarret@example.net','73fc6f0f2170057b725ab7a320803a7be1d530d2','1','1'),
('31','Brandon','Emard','vonrueden.mabelle@example.org','a6b268c709983eea26f5735f25bacb83bea8b6e3','6079722561','1'),
('32','Lesley','Brown','loyce97@example.org','94fa1fc78be8acf3345f260f56deb4dc9e468bba','0','0'),
('33','Dolly','Bogan','florida53@example.net','b78a93cd1d306cc9b49dbf462e9c6dd3dcf6033d','1','1'),
('34','Kailyn','Crona','bednar.vita@example.org','009534f17cc1608669d8b3a6a8e215ac204f7233','993','0'),
('35','Hershel','Zemlak','sullrich@example.org','40badbe39dbfeeac600647e18968b47ad7295b6c','0','0'),
('36','Nathan','Johnson','erdman.hilario@example.org','33fc5c76556fa9ca9f9780d118dc2a84f464af66','5193445069','0'),
('37','Sebastian','Fisher','herminia.champlin@example.org','d0bab7cf06828478b4297156d21c64fd6e2ed4e0','0','1'),
('38','Olga','Lubowitz','rogers.douglas@example.org','41c82ba3bfdc7459384f82de6562fda012a7f931','0','0'),
('39','Laisha','Weber','vzemlak@example.com','bde7d99bd5c57fd25ccd92367e211bec034d7294','885729','1'),
('40','Susie','Tromp','klocko.russel@example.org','d84e51f1b167ad2bbaff5dd163f08ceeb2a4906d','4712731850','1'),
('41','Raheem','Feil','eugene.champlin@example.net','1c2b18a623b902cf0fa20c2a1d92ef9869e6df9a','0','1'),
('42','Alba','Schmidt','do\'conner@example.net','6c7c48f566cd66dcfbffd6f96850951b120b7310','0','1'),
('43','Quincy','Kilback','margarett40@example.com','79b7cac2fdcf47a55d32b62aa4e14ab754fff387','403','1'),
('44','Mabelle','Morar','dietrich.porter@example.net','f2460e58f3d01180513867dc45216f042742353c','468028','0'),
('45','Stan','Lind','nienow.karine@example.net','7d38554f6fe86342ab80b821325355df6c0bfcb8','1','0'),
('46','Kenya','Armstrong','elton04@example.org','3accc5a8c22d51a1374095947586337e040d3124','0','0'),
('47','Thurman','Krajcik','stamm.cicero@example.org','1e4a293e291685b9b71cbced641279333762a030','0','0'),
('48','Kirk','Kuhlman','tremblay.karolann@example.com','374aa4c149bd054df0b83f37ff5db05478f3ba9d','1','0'),
('49','Ulices','McCullough','reese63@example.com','ef6b1482fa80788024c5451ee32ff1941542fe3a','0','0'),
('50','Albertha','Ebert','garry.toy@example.com','35c2dc73fde003c02988211d7bc2731cc50cfc83','1','0'),
('51','Marlee','Hartmann','sabrina.littel@example.org','2644f1649d1fd961dea1b52c60e9a93dadaf8a99','1437317831','0'),
('52','Karli','Schaden','heloise57@example.net','f9da18f65742ccad7f95245ada3ee19e485860ba','0','1'),
('53','Ines','Crooks','adonis58@example.net','9b3ecd5d87d4156ac723c0f169185bcd0da82b6b','895','0'),
('54','Jordon','Upton','queen.corwin@example.com','ba2358a5199d2eeff82556748f65b5f2eaafca04','0','0'),
('55','Christy','Douglas','dock.kemmer@example.com','d0990175f9e7df9c5a05e774cd5cae9fecae88fb','0','0'),
('56','Demarcus','Pouros','ereynolds@example.net','8388bfffa25270f638dc997ad825af9a694e3f51','81','0'),
('57','Trycia','Smith','keebler.gilbert@example.net','4fd2a814717a07ac7f9641a7c965e544a9d98914','1','1'),
('58','Jerrold','Waelchi','estelle.legros@example.net','8ffb9edf25d4e49b9b9cb5da9c467694c8096042','603','1'),
('59','Kameron','Lakin','twila.dietrich@example.net','27e46b36631bca19a1ba05835333c712ded09962','320474','1'),
('60','Cheyanne','Pagac','marian.jacobson@example.org','f54c17e2122c79de8b5c0752c85340674a185635','997240','1'),
('61','Dedric','Kris','vtowne@example.net','7abf7784007aa4ad857c6c10d2da6e9d5f42b9c6','0','0'),
('62','Elva','Johnston','elenora.wintheiser@example.net','3713ea1c2787857c6f8393df971779f5b70b116c','950106','0'),
('63','Trystan','Johnson','kschroeder@example.org','42e36468fd26b481ad5ed3ff077aa2f8ecab4a15','59484','0'),
('64','Dwight','Hermiston','koelpin.mariela@example.net','e48b6cb33725d2a98d17a548987f3a2ad977fd11','197','0'),
('65','Lonzo','Adams','uhermann@example.org','71035d6b004f4a70c574be016e5fe8e228f16736','0','1'),
('66','Elna','Morissette','windler.gennaro@example.com','1b8e9fa6c0e2d4fbda19be6b0b9a71233a3915bd','56679','1'),
('67','Claudia','Wilderman','do\'connell@example.com','928dc7e502f8aeb2a0506ba5467511ab8fa3a4f2','37443','0'),
('68','Jayne','Bergstrom','uberge@example.com','73f9f4097be5d2f0889a5c79bdfdbb4553979772','0','1'),
('69','Helen','Cremin','kemmer.camron@example.com','12b4a6ce7670badf96dcc70e45fe2698ee07ec14','1','0'),
('70','Mossie','Kuhlman','kianna.baumbach@example.net','6c736b3e89f41aec6f066e7146e98b16b83410e1','1','0'),
('71','Clark','Raynor','boris.littel@example.com','5984e596c50e4451c142c4feff75854d65fc7589','443198','1'),
('72','Berry','Fisher','hoberbrunner@example.org','17f3f32d179979a9e4e2fe5a842c7a4f897ae810','16','1'),
('73','Jacquelyn','Huel','darby.klein@example.net','0f6b6a663fe9e139dd4c34cadf189c278fbd44e5','0','1'),
('74','Howard','Emmerich','mhuels@example.com','9c30e494dddf3173e7a6e997fc1d65a39b858218','0','1'),
('75','Emilie','Reynolds','ronaldo.mcglynn@example.net','bd3ac820cedda62ca7ac5805d62b4a6eb598b78e','154','1'),
('76','Mauricio','Kertzmann','ewillms@example.net','a19423ecdfa38bc5e1a8d8f0dfb2c95010f759f5','474','0'),
('77','Brody','Halvorson','htillman@example.org','2907a5a57999de8f1c69d2ff628f59cbe37e33b7','673','0'),
('78','Dan','Dach','ariel.mclaughlin@example.com','14d261b3b35473dff97e7a394d9df1ef3eb24569','1','0'),
('79','Ozella','Fisher','heaney.kelli@example.com','853e77712a42f9e8f9554aa37d008383bc87f948','0','1'),
('80','Jackie','Kemmer','lon.johns@example.com','a48abff861b09a84ab45ef5c650d29b4eac563c8','0','1'),
('81','Deshaun','Casper','domenica38@example.org','5f4bb38b505c568ff51fdab4f39187230ca58cb8','0','0'),
('82','Jerel','Kirlin','lazaro.nikolaus@example.org','17a4055881349d6c0a528ac60a785a12d369d655','492463','1'),
('83','Brandy','Okuneva','nhackett@example.org','8deceea23b49724cd1b6978030d0f2df0624a6c3','364','1'),
('84','Abigail','Botsford','jennie.gaylord@example.com','33afe91fa8250cdb6bad65bcecf8beaaed6d977a','0','0'),
('85','Annetta','Sporer','koss.gene@example.org','a988c688afd79601b69ba6ddc9f703abd9756425','0','1'),
('86','Lucius','Halvorson','leuschke.lew@example.com','b96253aa10588dc26c3e25c7777563dbcaa52cc4','944','0'),
('87','Quinn','Hauck','mosciski.harmony@example.net','9cdd20dd729d5e676d93bd44612b76a6b6ab1565','1','1'),
('88','Heath','O\'Reilly','chasity.monahan@example.com','e67cda8a969263730048c6762a0b0d619c3096fb','294','0'),
('89','Jabari','Kulas','o\'hara.lexie@example.org','bf61dacbe2f8884ade5047a720a01f09f8804ce4','35','0'),
('90','Clinton','Volkman','etowne@example.com','1a025165379f1c198c55e36443863323a81bfa0c','1','1'),
('91','Dalton','Bashirian','cconsidine@example.com','3161c2834c0360b50742adf45859536c275a776d','441','1'),
('92','Brycen','Abshire','catherine.mann@example.net','008182c65e2ffb3de4c51901f0ad5da8336a896e','436335','0'),
('93','Elisa','Schiller','vonrueden.wendell@example.com','77d12a03b173fb5c373ec8c140e5fa68f7e6ce1a','0','0'),
('94','Piper','Farrell','wdibbert@example.com','ce3aa1885db23df54e5c85ff2bc34ce806406851','0','0'),
('95','Sigurd','Quigley','daija47@example.net','6b36db24f799bf6ca82be9933c6e04ffa0172181','63436','0'),
('96','Rachelle','Schuster','jordyn19@example.net','04e7d27229f48d0e9e6c2b93fa8d69261892d1b9','0','1'),
('97','Javon','Feest','garrett54@example.com','52b733b5ca03cca6458525474efd3f7381a240a0','1','0'),
('98','Melissa','Brown','rreinger@example.org','b909353d81d94c5928e7f2f5d45b9b7e3f30620f','1','1'),
('99','Dario','Carroll','hlang@example.net','4efab67392aa0f220561caeaadf0de019a37b4d3','718858','1'),
('100','Cale','Murray','torphy.terrell@example.com','0154891568773a9ae0ef6d5371077e20cf57ab64','375','1'); 


DROP TABLE IF EXISTS `users_communities`;
CREATE TABLE `users_communities` (
  `user_id` bigint(20) unsigned NOT NULL,
  `community_id` bigint(20) unsigned NOT NULL,
  PRIMARY KEY (`user_id`,`community_id`),
  KEY `community_id` (`community_id`),
  CONSTRAINT `users_communities_ibfk_1` FOREIGN KEY (`user_id`) REFERENCES `users` (`id`) ON DELETE CASCADE ON UPDATE CASCADE,
  CONSTRAINT `users_communities_ibfk_2` FOREIGN KEY (`community_id`) REFERENCES `communities` (`id`) ON DELETE CASCADE ON UPDATE CASCADE
) ENGINE=InnoDB DEFAULT CHARSET=utf8 COLLATE=utf8_unicode_ci;

INSERT INTO `users_communities` VALUES ('1','1'),
('2','2'),
('3','3'),
('4','4'),
('5','5'),
('6','6'),
('7','7'),
('8','8'),
('9','9'),
('10','10'),
('11','11'),
('12','12'),
('13','13'),
('14','14'),
('15','15'),
('16','16'),
('17','17'),
('18','18'),
('19','19'),
('20','20'),
('21','21'),
('22','22'),
('23','23'),
('24','24'),
('25','25'),
('26','26'),
('27','27'),
('28','28'),
('29','29'),
('30','30'),
('31','31'),
('32','32'),
('33','33'),
('34','34'),
('35','35'),
('36','36'),
('37','37'),
('38','38'),
('39','39'),
('40','40'),
('41','41'),
('42','42'),
('43','43'),
('44','44'),
('45','45'),
('46','46'),
('47','47'),
('48','48'),
('49','49'),
('50','50'),
('51','51'),
('52','52'),
('53','53'),
('54','54'),
('55','55'),
('56','56'),
('57','57'),
('58','58'),
('59','59'),
('60','60'),
('61','61'),
('62','62'),
('63','63'),
('64','64'),
('65','65'),
('66','66'),
('67','67'),
('68','68'),
('69','69'),
('70','70'),
('71','71'),
('72','72'),
('73','73'),
('74','74'),
('75','75'),
('76','76'),
('77','77'),
('78','78'),
('79','79'),
('80','80'),
('81','81'),
('82','82'),
('83','83'),
('84','84'),
('85','85'),
('86','86'),
('87','87'),
('88','88'),
('89','89'),
('90','90'),
('91','91'),
('92','92'),
('93','93'),
('94','94'),
('95','95'),
('96','96'),
('97','97'),
('98','98'),
('99','99'),
('100','100'); 




/*!40101 SET SQL_MODE=@OLD_SQL_MODE */;
/*!40014 SET FOREIGN_KEY_CHECKS=@OLD_FOREIGN_KEY_CHECKS */;
/*!40014 SET UNIQUE_CHECKS=@OLD_UNIQUE_CHECKS */;
/*!40101 SET CHARACTER_SET_CLIENT=@OLD_CHARACTER_SET_CLIENT */;
/*!40101 SET CHARACTER_SET_RESULTS=@OLD_CHARACTER_SET_RESULTS */;
/*!40101 SET COLLATION_CONNECTION=@OLD_COLLATION_CONNECTION */;
/*!40111 SET SQL_NOTES=@OLD_SQL_NOTES */;


--  ДОМАШНЕЕ ЗАДАНИЕ номер 2 -  скрипт, возвращающий список имен (только firstname) пользователей без повторений в алфавитном порядке.

SELECT distinct firstname FROM users
WHERE id <=5
ORDER BY firstname;

--  ДОМАШНЕЕ ЗАДАНИЕ номер 3 - скрипт, помечающий первые пять пользователей  как удаленные.
UPDATE users 
SET is_deleted = 1
WHERE id <=5;

--  ДОМАШНЕЕ ЗАДАНИЕ номер 4 -  скрипт, удаляющий сообщения «из будущего» (дата больше сегодняшней)

DELETE FROM messages
WHERE created_at > now(); -- удаляетя запись под номером 100. В ней дата сообщения намерано укзана больше ныняшне а точне :2021-05-05 06:39:37

/*   ДОМАШНЕЕ ЗАДАНИЕ номер 5- название темы курсового проекта
  
 Название: БД  аналитико-рекомендательной системы определения полезности и вредности событий
 
Описание:
Создание БД для аналитико-рекомендательной системы которая накапливала и хранила данные по событиям в жизни пользователям
а также информацию после анализа этих событий с целью определения полезности и вредности этих событий с последующей рекомендацией об отношении к событию.

*/




